,name,artists,song_id,id,list_appearances,score,2018,2019,2020,2021,2022,2023,2024,2025
0,As Tears Go By - (Original Single Mono Version),['The Rolling Stones'],0061a1b6bca462d2cec2e1b84667efba,5rUwnfuvEebahvFInZB8mC,1,49,0,0,0,0,52,0,0,0
1,Pedal to the Metal,['Lazerhawk'],009470a17dfcb2754b06c77c98b0328a,024R9UVWckPaGjmDeBFZjN,3,121,0,0,72,57,53,0,0,0
2,"New Person, Same Old Mistakes",['Tame Impala'],01960b3b114ea67e1b855f02c25a436d,52ojopYMUzeNcudsoz7O9D,2,141,0,0,0,0,20,41,0,0
3,Destination Breakdown,['Digitalism'],01db5b234f7656f3855ac226b93adbbf,66tVQAjnbJD0Wgdciwy5JW,2,115,22,65,0,0,0,0,0,0
4,The Sound of Silence - Electric Version,['Simon & Garfunkel'],01ddab953856821f1bd5eac3a1b423d2,2YplrdHMBoRdnHgMeHEwHm,1,38,0,0,0,0,0,0,0,63
5,telepatía,['Kali Uchis'],0226895acdd9b4d73aef14ab4bdee1d7,6tDDoYIxWvMLTdKpjFkc1B,2,115,0,0,0,10,0,0,0,77
6,"Requiem in D Minor, K. 626: Sequence: VI. Lacrimosa dies illa","['Wolfgang Amadeus Mozart', 'Magdaléna Hajóssyová', 'Jaroslava Horska', 'Jozef Kundlák', 'Peter Mikulas', 'Vladimir Ruso', 'Slovak Philharmonic Chorus', 'Slovak Philharmonic', 'Zdeněk Košler']",02bcc241ad43972b8bff71912fb5b0eb,5p3xMIHQ6YoAIaSgZeOkNa,2,121,0,0,0,0,15,66,0,0
7,It's Your Move,['Diana Ross'],02bf92757edb41f168154ac138cc789c,7FEFqom81vgPznZalT4gBR,1,44,0,57,0,0,0,0,0,0
8,Confessions (feat. Cozi Zuehlsdorff),"['Myrne', 'Cozi Zuehlsdorff']",02f0550153d6cb914e727994d417b9a8,4YquSHfespouUSHEG6ipH7,1,17,84,0,0,0,0,0,0,0
9,Feel the Love (feat. John Newman),"['Rudimental', 'John Newman']",039e9635b7db33c94545afa932c71b17,0k73nWaD6RPx2sHFEkGPcn,1,27,74,0,0,0,0,0,0,0
10,It Was A Good Day,['Ice Cube'],039ed8cd08810fb32617a2dd8a05933c,2qOm7ukLyHUXWyR4ZWLwxA,1,71,0,30,0,0,0,0,0,0
11,I've Seen Footage,['Death Grips'],03b1a0d03d22b41eb5acafc4c86c8888,7nCONy10IHp7XD3oYZ0lcx,2,105,0,0,0,0,78,19,0,0
12,Welcome to Love,['Young Ejecta'],04360a2f639b381654d8536894d1408b,3tb9cwLuiNLxwxMWm8Qs3h,2,138,0,0,0,0,0,9,55,0
13,So Far Away,['Lazerhawk'],04e2669f7e3716d29861804e2dd91690,5zyK38RQWyOxhpQEVRkJKi,3,204,0,0,0,0,59,0,23,17
14,the 1,['Taylor Swift'],060aa52e90b3913b35fbaaa5021e9799,0Jlcvv8IykzHaSmj49uNW8,2,113,0,0,0,0,61,28,0,0
15,Chrome.exe,['Digitalism'],06533ce166cf595816959c0c5893e544,2b4UETKynUkjq3EB2MuXCX,1,38,0,0,0,0,63,0,0,0
16,Slipping Through My Fingers,['ABBA'],066032801347f6ac686a7af40463950f,6TvxPS4fj4LUdjw2es4g21,1,41,0,0,0,0,0,0,0,60
17,Maseratiphoïde,['Reznyck'],06fca516a6ca67e271eb3a5eb93dea50,4CQfNX7WkyoGUEig0qUBI5,2,135,0,0,25,42,0,0,0,0
18,A Pillow of Winds,['Pink Floyd'],0754dce7b6d24aeb2f13f42866b58bb0,7krbQbYq63hcwVMNW1R0tD,1,54,0,0,0,0,0,0,47,0
19,Don't Stop Me Now - Remastered 2011,['Queen'],0758379293421b9bf76d3f1a4297e9a7,7hQJA50XrCWABAu5v6QZ4i,1,21,80,0,0,0,0,0,0,0
20,Mera Deewanapan,"['Amrinder Gill', 'Dr Zeus']",07d90646c5e7e917b551d89a620df744,52HEmNCNvewyByx7xofF0T,1,76,0,0,0,0,0,0,25,0
21,"Main Title (From The Motion Picture ""Scarface"")",['Giorgio Moroder'],081ab35c949b914040933261f88da87f,51wm7yXftCtK0ySLfN3kHD,1,93,0,0,0,0,0,8,0,0
22,Falling Down - Bonus Track,"['Lil Peep', 'XXXTENTACION']",083ee3d9910ad819e6698b0225ec95e6,0Dn40gxVCMo5TkgS8Ik18Q,1,82,19,0,0,0,0,0,0,0
23,Cooler Than Me - Single Mix,"['Mike Posner', 'Gigamesh']",09068ff9bd774d4247947dc39b31b3ca,2V4bv1fNWfTcyRJKmej6Sj,2,117,17,68,0,0,0,0,0,0
24,Succession (Main Title Theme),['Nicholas Britell'],096c30e0e21171cfa36a8891f92217f9,0bSHwuTOZVJUXWT03H9oD2,2,80,0,0,0,0,0,35,87,0
25,WORTH NOTHING (feat. Oliver Tree) - Fast & Furious: Drift Tape/Phonk Vol 1,"['TWISTED', 'Oliver Tree', 'Fast & Furious: The Fast Saga']",09bfe0166d13bd984fb39cc55e96ecd5,3PjbA0O5olhampPMdaB0V1,1,12,0,0,0,0,0,89,0,0
26,Lover Is a Day,['Cuco'],0b383f5b9f2bb55438a59c5e2db56de2,76tGvMdmFKuiMew33ZNNA9,1,49,0,52,0,0,0,0,0,0
27,Mistress,['Young Ejecta'],0b79defd66a050f8a3a5df7f94a8eb81,1z4Il9GFZK6lnRUKkGoDc7,1,65,0,0,0,0,0,36,0,0
28,Running Up That Hill (A Deal With God),['Kate Bush'],0c93cccae6943d6b3d88a0f3a33bcc04,1PtQJZVZIdWIYdARpZRDFO,1,20,0,0,0,0,81,0,0,0
29,Little Dark Age,['MGMT'],0cdd988460411a95077f13a2466be262,2Y0iGXY6m6immVb2ktbseM,5,241,0,0,5,28,57,0,93,81
30,Pogo,['Digitalism'],0cdee3119f2d05345c921d7ce169b18a,4CLZlTPjaKqbadAJc031OQ,3,178,0,2,47,76,0,0,0,0
31,I'm Best Friends With My Own Front Door,['Bill Wurtz'],0daa1553ffaf13e38e7ef3c6d22f2c6d,5eoiHqyaZEIOKViAzTlecO,1,34,67,0,0,0,0,0,0,0
32,Flaws,['Yoste'],0e0328b9da132ec8257f1323cfa505fb,2fORroOyzQE1tlljfDYzwI,2,87,0,0,27,88,0,0,0,0
33,Space Is the Place,['Lazerhawk'],0e1582ef9de42faed4d40b2ef0219f79,2bHvacqioN3Jl6ogZ4DJQS,1,45,0,0,0,0,0,0,56,0
34,Meeting in the Aisle - Remastered,['Radiohead'],0e60af79f8b7439e2e7ab3c226f2eebf,4Dq6LgGObozz8ykRgYKIGn,1,75,0,0,0,0,0,26,0,0
35,Paint Me Silver,['Pond'],0f71356459431b818c1fb26ebb21b015,6R7kT8LRDEeQIuXYyYDENc,1,24,0,0,0,0,77,0,0,0
36,Roller Mobster,['Carpenter Brut'],0fa1c887494a1f29adeef812745d0799,7oxnK2wg8qFv8EXyyxKDJ4,2,126,48,28,0,0,0,0,0,0
37,Star Hustler,['Lazerhawk'],1144328093c90b35c26592af08ec0d93,1W8SQHV65hlZ7lj9XRQCnd,6,296,0,4,31,52,60,84,79,0
38,Teen Pregnancy,['Blank Banshee'],121aebc6b701766bfa589e1056bf6687,4Jgdb4akerysh6y9SJVSF0,1,58,0,0,0,0,43,0,0,0
39,Highway Star - Remastered 2012,['Deep Purple'],1251e14db205db6a0bab522e76112987,3uMmllZo1AfoEnVT4ENCD3,1,14,0,0,0,0,0,0,0,87
40,If,['Pink Floyd'],1276eb593a670d24e15587d451058315,63brgJhrcNFW8ncUhM1mhG,2,194,0,0,2,6,0,0,0,0
41,Content,['Joywave'],12ef3ec514948b1d38867cd611bf9266,6N3zpuSStSBPTKiDvlecS5,1,61,40,0,0,0,0,0,0,0
42,Nightlife,['Street Cleaner'],133edfe1daf45bb71f15e40abf0c0d90,3eOnpUxxM5FjSETY4fWXhd,1,4,0,97,0,0,0,0,0,0
43,Apologize,['OneRepublic'],138502076e43d8df3ff8575b8ac50ac3,1NrJYpdAi7uosDRPmSYrsG,3,107,58,0,66,0,0,0,0,72
44,Fight Club,['Cushy'],142824ad7ecfb53d4f18fb6aa808acb3,0Pg8YL6IwYrAIyOPDXTMjL,2,132,0,0,0,0,0,0,17,53
45,Imagine - Remastered 2010,['John Lennon'],1430271d4e3dcc495d47a7322b0f1f72,7pKfPomDEeI4TPT6EOYjn9,1,44,0,0,57,0,0,0,0,0
46,We're Finally Landing,['Home'],14a59027870950826e233b0f6c7d79a4,1aayZc3JciIs2GhZcSlCrw,3,111,0,0,0,0,46,97,49,0
47,Moonlight,['Kali Uchis'],1557703f547eceb306172124ac601f5a,2i2gDpKKWjvnRTOZRhaPh2,2,79,0,0,0,0,0,0,76,47
48,Instant Crush (feat. Julian Casablancas),"['Daft Punk', 'Julian Casablancas']",155bb6d5c618badf9a632af6fae26354,2cGxRwrMyEAp8dEbuZaVv6,2,120,2,80,0,0,0,0,0,0
49,Take Me to Church,['Hozier'],158dbb4000e3ed5deb7dc0b3801d7e8b,1CS7Sd1u5tWkstBhpssyjP,1,26,75,0,0,0,0,0,0,0
50,POWER OF SOUND,['Ace'],163df3069d5288bb24b3f7a74cecfdd1,2i7Uck68iln2WjZKexVIKp,1,97,0,0,0,0,0,0,0,4
51,Tranz,['Gorillaz'],177aa7fab0250bf3b5c61389dad50782,7jYUaoOfdcYgUvkK8NnFfx,1,64,0,0,0,37,0,0,0,0
52,Total Eclipse of the Heart,['Bonnie Tyler'],17b5c033ede9083e7970ea39e808f835,7wuJGgpTNzbUyn26IOY6rj,1,18,0,0,0,0,0,0,83,0
53,Haum Sweet Haum,['Hudson Mohawke'],17e531896397fba3714f90232500d3d6,59M6cz1Pahu0Az05gvisdL,2,84,0,35,83,0,0,0,0,0
54,Everything at Once,['Lenka'],180a2eb04825708af8aa4178a451a1fa,6iZxpy5Z0BztLHsWE8cSzD,1,48,53,0,0,0,0,0,0,0
55,Landroverdosis - 2018 Remastered,['Reznyck'],18417ffb34fc824f4557b1e5275bc94c,0Dd3VnrWy9qZd7KDwErZMb,2,75,0,0,0,0,34,0,0,93
56,White Rabbit,['Jefferson Airplane'],18e3d3eb9c0db46040826e0854aa1ceb,4vpeKl0vMGdAXpZiQB2Dtd,1,95,0,0,0,0,0,6,0,0
57,Love On The Brain,['Rihanna'],1949014f4dacec7f477965207b9a563a,5oO3drDxtziYU2H1X23ZIp,1,81,0,0,0,20,0,0,0,0
58,The Weight of Disaster,['Leprous'],19c13cf4162c7824e7bfff37c17f2813,35OyuK76YVYWrokOGBA1Ln,1,3,98,0,0,0,0,0,0,0
59,Do It Again,['Trevor Something'],19e81e05c8bbbebd73480770ca9b5221,2cj5qEqQOnx8LV67Ja7jLB,1,69,0,0,0,0,0,0,0,32
60,Leave The Door Open,"['Bruno Mars', 'Anderson .Paak', 'Silk Sonic']",1a4aa7f69e8b53551ca3c07ea541a7ca,02VBYrHfVwfEWXk5DXyf0T,2,145,0,0,0,0,0,0,33,24
61,The Moment,['Tame Impala'],1a801510737504f29a9bd4b34c41ba78,1UYj8qTWjneZJDVjUMwMub,2,113,0,0,0,0,39,50,0,0
62,Hang'em All,['Carpenter Brut'],1be2dd218e917bb3825007783c5ca56b,5PlZbtB1Ok46sKyjKEfppR,1,54,0,0,0,47,0,0,0,0
63,Breathe (In the Air),['Pink Floyd'],1d3780107c06f1f4c8f61d5de3fa224a,2ctvdKmETyOzPb2GiJJT53,1,83,0,0,18,0,0,0,0,0
64,Deep Blue,['Lenka'],1d8da81762498d7ee0206315a43c793d,1DmG1O3ma5Exi0EMcA7SlN,1,8,93,0,0,0,0,0,0,0
65,The Final Game / Take Me Out to the Ball Game,['Randy Newman'],1df8d73d2c93e9616c584d7719eca304,24qU0grpeIJB4vz0d039h6,1,96,0,0,0,0,0,0,0,5
66,Just Take Me Home,['Maxthor'],1eb9ae51dff97f13a78b5f0a23eb2753,4eRdCVU8adeW19XKZO3ote,1,94,7,0,0,0,0,0,0,0
67,Opus,['Eric Prydz'],1eef12cd406119d0aa1f4a44dc54753f,3v2oAQomhOcYCPPHafS3KV,1,34,0,0,0,0,67,0,0,0
68,Breathe Deeper,['Tame Impala'],1f300fbba5854c920dd5d9e1fef23e79,3LbZIhU0smEU5SUnxod4j4,1,65,0,0,0,0,36,0,0,0
69,Andromeda,['Dance With the Dead'],1f47efd5c13adaf28e051ebbe158853d,7hcT9SzRoL7OanxeGqLIJy,1,81,20,0,0,0,0,0,0,0
70,Parade,['Justice'],20e28be6e8105d354a68b02e70e93968,2cClxYfQwfpVsSJYB9qRAj,1,9,0,92,0,0,0,0,0,0
71,Feel Good Inc.,"['Gorillaz', 'De La Soul']",2121d03047d2f65408643129d78fe25a,0d28khcov6AiegSCpG5TuT,1,23,78,0,0,0,0,0,0,0
72,Smooth Operator - Single Version,['Sade'],219c1720358d965e9fc275279cb95ba3,3XEtw7t4V5sfd2vtkp0ql7,1,48,0,0,53,0,0,0,0,0
73,I Love It,"['Icona Pop', 'Charli xcx']",21ae610d8695be7a6c8304f6cc8e9d40,27ilMN1oiW9849fReEYgOj,1,21,0,0,0,0,0,80,0,0
74,Summer '68,['Pink Floyd'],21d955910607a7d3eb640797857c773b,5MZALWjwQRX0RsZt31HlNP,1,58,0,0,0,43,0,0,0,0
75,Wretches and Kings,['Linkin Park'],22087293121747a73bc2084f207220c3,1k02JjKowLil0ID9IYjwQd,1,9,0,0,0,0,92,0,0,0
76,LAX - Xplicit Album Version,['Xzibit'],220d5b7a07e9917ed3979d75171ae2fa,08EMGunAhP8KvUV3fhuqVV,1,15,0,0,0,0,0,0,0,86
77,When You Die,['MGMT'],22746c55ab4c42911df9f6edb077dc65,3td69vL9Py7Ai9wfXYnvji,2,106,0,0,0,23,73,0,0,0
78,Hard Heart,['Elliot Holmes'],2286866023c22045e7e54e5181cbe454,2gYriPqWA8iAKKP2pgW3OR,3,256,0,0,0,18,0,0,15,14
79,Robot Boy,['Linkin Park'],22880137f7c475c657de3c792b111caa,2LjaNzmzPfljimPxRgFVye,2,100,0,0,51,51,0,0,0,0
80,YEAH RIGHT,['Joji'],22f605372d470c83a70f88139527a3ac,5gFmgXPCLu9xIfMUXSbRru,2,150,25,27,0,0,0,0,0,0
81,State Of Grace (Acoustic Version) (Taylor's Version),['Taylor Swift'],23c2527dc01e01bd93acde2978f73009,5jAIouBES8LWMiriuNq170,1,9,0,0,0,0,0,0,92,0
82,Malibu,['Miley Cyrus'],24662faee9f5de93be7d3b4ecfc30403,1UZOjK1BwmwWU14Erba9CZ,1,92,0,0,0,0,0,0,9,0
83,Ooh La La,['Goldfrapp'],24a1a6dbcda06fc6b0e70e0f4d5f62e3,6oLb4m0HlijuaxtQIbvAhp,1,19,0,0,82,0,0,0,0,0
84,Take on Me,['a-ha'],24b4b3ed6be134e3347cece770693b15,2WfaOiMkCvy7F5fcp2zZ8L,1,98,0,0,3,0,0,0,0,0
85,Hardware Passion,['Waveshaper'],25981e5239a321615ae7a9ab0fb50115,3yvlBfsPezfWH7IJl2VEIp,2,131,39,32,0,0,0,0,0,0
86,Star Tripper,['Breakbot'],25a5abe4e42fc5ae3dbb07b2bd04f3c2,62GJnNUrj6V1LPBS5zaKrk,1,59,42,0,0,0,0,0,0,0
87,Enjoy the Silence,['Trevor Something'],26cb476ab01c248a2ab146aec132e890,51tWcK9KRc2WyleZ82AGT4,3,118,0,20,0,68,97,0,0,0
88,The People That We Love,['Bush'],27ba2a03d9a8553918cc48684ae61442,6smnMpZoSuesKjFbbGg9VI,1,40,0,0,0,0,0,0,0,61
89,JPEG,['Digitalism'],27df8478d0aac9645779ffbebd851a15,7vgiGtKJ0uHroj1iyZwXuH,3,183,0,0,20,29,71,0,0,0
90,Hail To The Chief,['Prophets Of Rage'],28cb1d65b557d8c3c75e7398e985215a,4uU6act5NMMofc5vdfuhZS,1,2,99,0,0,0,0,0,0,0
91,Chamber Of Reflection,['Mac DeMarco'],28db4e5f7bfe87f72f785a654ab4b0c7,7H7NyZ3G075GqPx2evsfeb,1,79,0,0,0,0,0,0,0,22
92,Still D.R.E.,"['Dr. Dre', 'Snoop Dogg']",28ec0cd46552acc34d1613207df53cf1,503OTo2dSqe7qk76rgsbep,1,32,0,69,0,0,0,0,0,0
93,Mind (feat. Kai),"['Jack Ü', 'Skrillex', 'Diplo', 'kai']",29451210c1cd0b80156255490ccd4cc4,6ZpR2XFuQJSHAQwg9495KZ,1,9,92,0,0,0,0,0,0,0
94,Peach Jam,"['88rising', 'Joji', 'BlocBoy JB']",29832ae76a03ff27570f2d03173f6f83,6dktyiCWz2JYGmcPQ5D5dY,1,42,59,0,0,0,0,0,0,0
95,Danza Kuduro,"['Don Omar', 'Lucenzo']",2a13bd2d11dcb4b42026b764c6ed1ef8,2a1o6ZejUi8U3wzzOtCOYw,2,112,0,0,0,0,0,47,0,43
96,Sure Thing,['Miguel'],2a79472754e9651ffa54b2654a9601ff,0JXXNGljqupsJaZsgSbMZV,1,15,86,0,0,0,0,0,0,0
97,Digital Love,['Daft Punk'],2b2b4776c86ac0f7947e45f37795f0a5,2VEZx7NWsZ1D0eJ4uv5Fym,1,44,57,0,0,0,0,0,0,0
98,Brand New World,['Hudson Mohawke'],2b61019527edf5058ac7cf4d85139075,1yPkOVjOxORMsUuJeQfjNg,1,39,0,62,0,0,0,0,0,0
99,Chihiro,['Yoste'],2c3166e7f21d2d4ed49dab210daaa6fa,1frhZSh2UQNthJ5HOkXZig,2,98,21,83,0,0,0,0,0,0
100,I Believe,['Popeska'],2c8ad6538787c7f40620162498dbc907,4hvmK2HZPB2MwKjWprYCxg,2,93,10,99,0,0,0,0,0,0
101,Eye In The Sky,['The Alan Parsons Project'],2cd1757e3f7df0eb3a163d6512544fe0,2sIbHjfJ3nbMXNz4w03fWv,1,70,0,0,0,0,31,0,0,0
102,Love/Paranoia,['Tame Impala'],2d29f39de39d32c117277f168bd5abb0,5h9hkYIBWTZYFRmF6Iz1gt,3,177,0,0,0,0,6,23,97,0
103,I Adore You,['Trevor Something'],2d3540e9bcecd0fc49ef9203eb677672,3KdtMlBwP5KOFOclXBQa7Q,1,51,0,0,0,0,50,0,0,0
104,Out of Doubt,['We Are The Way For The Cosmos To Know Itself'],2d7326e190b94f69e8c28c32c40b42d5,6D880ElQRkeW9GXjMzhR3d,1,20,81,0,0,0,0,0,0,0
105,Aesthetic Fashion,"['FrankJavCee', 'Marion Amira']",2d7b0de1a28cd39c536135f1c2570eab,4ygyrytD0wmYRBcTPgrgEx,2,56,52,0,94,0,0,0,0,0
106,Plush,['Stone Temple Pilots'],2f5be181895d5b2020ee848c9f82ec47,3jJZVeExYzVYiV6Y9Fl3DX,2,86,0,0,0,0,21,95,0,0
107,The Less I Know The Better,['Tame Impala'],2f8ae217e616d8325ec4e2d28390f2cb,6K4t31amVTZDgR3sKmwUJJ,2,131,0,0,0,16,55,0,0,0
108,Hide and Seek,['Imogen Heap'],30eb2670dbad3a2d5a3f8c9a6989c929,7mMlbJlXXo2mRtQ4R9sIzD,4,274,0,0,0,17,66,0,13,34
109,Flowers,['Miley Cyrus'],31a66420d7907b44abc2f33cfba9d707,7DSAEUvxU8FajXtRloy8M0,1,77,0,0,0,0,0,0,24,0
110,Neverender,"['Justice', 'Tame Impala']",31c7ad6cdff35e950369c29fe31da324,0ccoGCaOFCxI6pHixrQpKj,1,56,0,0,0,0,0,0,45,0
111,Rainbow Six Siege: Invitational Main Theme,"['Danny Cocke', 'Paul Haslinger']",32628fce10c33c44b361a67339a43fa3,0DgspAvq9YVgShIwXG1drv,1,24,0,0,0,77,0,0,0,0
112,Special Cases,"['Massive Attack', ""Sinéad O'Connor""]",32643827e0caf63f5b759690e4ccbdbe,0l1eE11aDKxc8ZOYUSXWP9,1,39,0,0,0,0,0,62,0,0
113,Broccoli (feat. Lil Yachty),"['DRAM', 'Lil Yachty']",32a3789449b221fdf44757b9a5b4026f,4a87wpeqAcOv03pYihEzku,1,63,0,0,0,0,0,0,38,0
114,1999,"['Charli xcx', 'Troye Sivan']",33ba3369ea4b0ebf520f53047f1e6681,3WGJSY8JaGliVIJyMig5aS,1,31,0,0,0,0,70,0,0,0
115,Empire Ants (feat. Little Dragon),"['Gorillaz', 'Little Dragon']",3410fda8c1212cb7753c80e7c302fd21,3a6PN6BRB8PP3ms48s7kU1,1,47,0,0,0,0,0,54,0,0
116,I Fall Apart,['Post Malone'],342495475937b36b277b303d369a53f9,75ZvA4QfFiZvzhj2xkaWAh,1,88,0,0,13,0,0,0,0,0
117,Everything Is Embarrassing,['Sky Ferreira'],3530d7cc8a8253496b304241ce982f5e,7j3nbSiaWphYU2cFgyQXd9,4,213,0,0,0,0,13,39,66,73
118,High Life,['London Grammar'],3558d6b1059869f6ab78f52a2d8f4cae,3g9wkOVavIHjDSBXHOpKMt,1,14,87,0,0,0,0,0,0,0
119,Battle Cry,['Imagine Dragons'],358327e9a03ac4483d1ba5d0cad95376,6SCDzH7OCgpzwCP8yo7HIP,1,20,0,0,0,81,0,0,0,0
120,Midnight City,['M83'],358ca93a2ac74cb33be0a9af57ddc549,6GyFP1nfCDB8lbD2bG0Hq9,1,60,0,0,0,41,0,0,0,0
121,Reality In Motion,['Tame Impala'],35f8cea1849974cb942be6dc8e4bf901,3I7OmVsk4Hm5LBbs2GmhlD,2,97,0,0,0,0,0,0,72,33
122,blue,['yung kai'],361af69cb3f3b94017112aee4a5a7d01,3be9ACTxtcL6Zm4vJRUiPG,1,46,0,0,0,0,0,0,0,55
123,Back On A Mission,['CIRRUS'],364400fe09cf07a34bcd7287db244117,7prxiVvo6fbsorXZmgXkpY,2,46,0,98,0,0,0,0,0,58
124,Shoulder of Orion,['Lazerhawk'],36c65051e7364c1ce8dcd3f02d402365,7AkQVlVzkZMCCHLtIzUT9d,1,49,0,0,0,0,0,0,52,0
125,Blinding Lights,['The Weeknd'],3704a99ee9792c666339a7eb51fc9f48,0sf12qNH5qcw8qpgymFOqD,1,69,0,0,32,0,0,0,0,0
126,'Cause I'm A Man,['Tame Impala'],379138c0c177d62ad3108a843754f10c,2O99aywAVBhaPrsiJ6zbSS,2,86,0,0,0,0,28,88,0,0
127,Unstoppable,['Sia'],37e474e7feefeca215dfd72a2724d879,2J2Z1SkXYghSajLibnQHOa,1,90,0,0,0,0,11,0,0,0
128,Contact,['Logic'],3864e479536327d2d3acdb3041631029,2M5ndhTi0zOIymTD4Ff1T8,6,200,72,36,0,24,99,77,98,0
129,What Your Soul Sings,"['Massive Attack', ""Sinéad O'Connor""]",38c7f56690abb61fa25f97e13009cb50,6EuGf9ZfK9CcSoq2M0SYto,2,96,0,0,0,0,0,29,77,0
130,Vanished,['Crystal Castles'],39fb0479834c7e8acddd1ff5c68e9089,0exOxvY3iHsmAnGHiJYAZq,1,11,0,0,90,0,0,0,0,0
131,Bitter Sweet Symphony - Remastered 2016,['The Verve'],3aa9972911370cce7e34b32b6b30da97,57iDDD9N9tTWe75x6qhStw,1,63,0,0,0,0,0,0,0,38
132,SLOW DANCING IN THE DARK,['Joji'],3aad8a8730fa1405d791d90c73cea5f9,0UyljEbX9dqI1K0sqdv6B6,6,343,1,38,46,0,0,81,48,49
133,9 to 5,['Young Ejecta'],3abc0948456204dd1016001681a9d7f4,0DXaw9Hm2k8KNIF7cnCzvH,3,153,0,0,0,0,0,57,19,74
134,Miami Showdown,['Digitalism'],3ac2f502989ca8b07db76f79a368ddb5,2DoQOnQ0dPOTSYWhBFMK58,3,99,0,72,41,91,0,0,0,0
135,When We Were Young,['Adele'],3ada8690f2a0cfd9d1d4078bc43dc101,0cj2joJcY6b4XSRfj2eZOl,1,56,0,0,45,0,0,0,0,0
136,Forever Young,['Alphaville'],3b030947b38cb95a4917ed7c21b401bd,4S1VYqwfkLit9mKVY3MXoo,1,54,0,0,0,0,47,0,0,0
137,,[''],3bc987bb14c581bf862cf35b2d5ae8a3,5W7DOVGQLTigu09afW7QMT,1,75,0,0,0,0,0,0,26,0
138,Brain Damage,['Pink Floyd'],3cda1af47e9dba73786a7951e9d378ff,05uGBKRCuePsf43Hfm0JwX,2,78,0,0,30,0,0,94,0,0
139,OKRA,"['Tyler, The Creator']",3d04baaa7cbbe80e61ebee24ffc42120,74ZovzRxHBvCq5yIwe8boh,2,142,0,1,0,0,59,0,0,0
140,Wasted Education,['Blue Topaz'],3d51639e0b4c11987fa98635c4d06f60,3MIv39S26ThVwkF24JanPy,1,3,0,0,0,98,0,0,0,0
141,The Fixx,['Lazerhawk'],3e013eee17c80eaf0a8a16c73dba17b6,5tH1RxDRzKuqurd1Tapt91,1,37,0,0,0,64,0,0,0,0
142,Bohemian Rhapsody - Remastered 2011,['Queen'],3e0599f62b701d9de58d3c388ac42230,2GAIycsMaDVtMtdvxzR2xI,2,59,47,96,0,0,0,0,0,0
143,Right My Wrongs,['Bryson Tiller'],3e3e02ce52fac47c5b6294cc2cad00a0,5rgrBsAFYMun6yhtnLKRPz,1,31,70,0,0,0,0,0,0,0
144,Build a Fire,['Young Ejecta'],3e6059cee22c43f6fb6108f50609f829,4PC2bja9UVkpdzUQBGDwDl,3,207,0,0,0,0,0,3,36,57
145,Strutter - Remastered 1997,['KISS'],3ee557345e599d560c634ee771262ffb,0UCg6lnG2MXpuEpf8Pk1MV,1,2,0,0,0,0,0,0,0,99
146,edamame,"['bbno$', 'Rich Brian']",3f680e4a49fce50892b3959915996b90,5rW7qTn83sCKtqBoneJs63,1,42,0,0,0,0,0,59,0,0
147,Butterfly Caught,['Massive Attack'],3fdd7c0aac3360cfdfd5f6f03b692c0a,22yxR09cYIuD8aeT3TfJlu,1,56,0,0,0,0,0,45,0,0
148,Dil Kya Kare,['Adnan Sami'],40346fbc09db296493d997edef58756b,648GXyKI62FhbeBq0levWr,2,91,0,0,49,62,0,0,0,0
149,The Motor,['The Wants'],40405708b2cc90875b0fe39ab387acab,0Rm0J46aAhmtLqFaJAISiH,1,71,0,0,0,0,0,0,0,30
150,Super 1,['Cospe'],404d5c0ae7a62ee9fdaee024da447120,2biA7ixfyzeB2QrezPSsNQ,1,30,71,0,0,0,0,0,0,0
151,In The Night,['The Weeknd'],40ed340403539247ac0536500bd5f9ad,25KybV9BOUlvcnv7nN3Pyo,1,61,0,0,0,40,0,0,0,0
152,Never Be Like You (feat. Kai),"['Flume', 'kai']",4138971c79a62a310def830b67c8e376,5WI2ltQIdwgzf1SNE76JyR,1,40,0,61,0,0,0,0,0,0
153,Stress,['Justice'],41586f5c42e2008c25db5532e3f410d0,1YdbiBOWvFUi6Zko3HXyEG,1,90,0,0,0,11,0,0,0,0
154,Ariane,['Else'],41b6401ca1d18812543bea29de50e7e2,5yU60NZMwwgkwXmOkHLXgk,1,26,0,75,0,0,0,0,0,0
155,Lacrimosa,"['Wolfgang Amadeus Mozart', 'Lisa Beckley', 'Elena Filipova', 'Magdaléna Hajóssyová', 'Peter Mikulas', 'Michel Piquemal', 'Gloria Scalchi', 'Michel Piquemal Vocal Ensemble', 'Hungarian State Opera Chorus', 'Oxford Schola Cantorum', 'Slovak Philharmonic Chorus', 'Hungarian State Opera Orchestra', 'Orchestre De La Cite', 'Oxford Camerata', 'Slovak Philharmonic']",426fd23efedb249a73df4f3132d819f5,1UvaZaHkh3D9AkmBrrnbFg,2,22,0,0,0,0,0,0,89,91
156,Delorean Dynamite (Disco Mix),['Todd Terje'],428452998a9fe0ef23a44e7d63bdedb6,26HnIg2MBjJR9AYWjn81FK,1,16,85,0,0,0,0,0,0,0
157,The Reason,['Hoobastank'],42ed469446a80139bbb771b138085b9e,1lHtE5JDCas1EwXhQIMOIj,2,52,0,81,0,0,69,0,0,0
158,Borderline,['Tame Impala'],433e9ba092ec5c1cfec635a138805c3b,5hM5arv9KDbCHS0k9uqwjr,2,146,0,0,0,12,44,0,0,0
159,Electric Groove,['Lazerhawk'],434e2b3003551400ecb085e1be4b6b35,7Jh9J7M0yPVzn5DtNiVpVt,2,77,0,0,35,90,0,0,0,0
160,Speak to Me,['Pink Floyd'],4364e575b3c06b3764cab30379ca9039,574y1r7o2tRA009FW0LE7v,1,87,0,0,14,0,0,0,0,0
161,K.,['Cigarettes After Sex'],437232093f9cf01f61db20e3a7ded2d4,1FWsomP9StpCcXNWmJk8Cl,1,13,0,0,0,0,88,0,0,0
162,The Voyage,['Lazerhawk'],43dfa3f7ebf9fe39b31f7cdfd4b41e8d,6SU621U6Vc6ExE87NAM4My,1,5,0,0,0,0,0,0,96,0
163,The Great Gig in the Sky,['Pink Floyd'],44de203f2fceaf559cdca47c5bf5e820,2TjdnqlpwOjhijHCwHCP2d,3,190,0,0,6,39,0,0,0,68
164,Past Life,['Tame Impala'],44f849cc05c876afcb54075b8565d607,4a9fW33mYR8LhXBOLUhbfF,3,138,0,0,0,0,16,70,0,79
165,Rabbit Run,['Eminem'],45ac9e35922bc3407434f70efb78d456,30KKYkJ0lonfKI2eaLACnZ,1,63,38,0,0,0,0,0,0,0
166,"TRON Legacy (End Titles) - From ""TRON: Legacy""/Score",['Daft Punk'],45e2cd803f99d517fdcf641dac23c448,0mHayzmzEB485RkUCETcCL,1,64,0,37,0,0,0,0,0,0
167,Kids,['MGMT'],4607e0fca5203903fbf0964e3d599cfa,1jJci4qxiYcOHhQR247rEU,1,43,0,0,0,58,0,0,0,0
168,Soviet Connection — the Theme from Grand Theft Auto IV,['Michael Hunter'],4645e91f3e539474b54f3448a3c54381,3LoTSUEm7h7uryGBWxtaFe,2,126,5,71,0,0,0,0,0,0
169,Ni**as In Paris,"['JAY-Z', 'Kanye West']",46b66d9f6aa6d885b01eafbb535234e1,2KpCpk6HjXXLb7nnXoXA5O,2,125,0,6,71,0,0,0,0,0
170,Derezzed - Remixed by The Glitch Mob,"['Daft Punk', 'The Glitch Mob']",4733b773206ee56ed560f2c34b158b50,4lteJuSjb9Jt9W1W7PIU2U,1,22,79,0,0,0,0,0,0,0
171,pink diamond,['Charli xcx'],47428f8c92dec2a62c3ac729b8554bf0,3V0PgcsUMlAGXwCD0084pY,3,107,0,0,48,53,95,0,0,0
172,Here With Me,['d4vd'],485a994081e463a219c3bc0237d4d0bb,0dS2u2UFd88TIzDDaZDLvS,1,81,0,0,0,0,0,20,0,0
173,EARFQUAKE,"['Tyler, The Creator']",48e9c7dafef16cfb7070e4b26cb7112e,5hVghJ4KaYES3BFUATCYn0,2,82,0,43,77,0,0,0,0,0
174,Whelk Then,['deadmau5'],48ea13d1c0c15ec79c05155d5f9d474d,3C2EoVLfPVajaocjUBlooV,1,53,0,48,0,0,0,0,0,0
175,After Dark,['Mr.Kitty'],494d7d6077527edb4977bc30cd46492d,2LKOHdMsL0K9KwcPRlJK2v,4,287,0,0,4,3,17,93,0,0
176,Clap Track,['Lynx'],4a07be3be4e2b64dfd45279b855348c0,3gdOPe0N3BTjPXzVbuJ5DF,1,82,0,0,19,0,0,0,0,0
177,Stronger,['Kanye West'],4a7c2624abcdbf8206b7091fc1510edf,0j2T0R9dR9qdJYsB7ciXhf,1,72,0,0,0,0,0,0,0,29
178,Beyond,['Daft Punk'],4a930bc5893388b13c8a2b183c80d01a,0k1xMUwn9sb7bZiqdT9ygx,1,94,0,0,0,0,7,0,0,0
179,Shanghaied,['Hudson Mohawke'],4b224ab13ba2221e0546d4c99501b084,4grCJHIil9ejY5sy8unrFD,1,23,0,78,0,0,0,0,0,0
180,Apple,['Charli xcx'],4cae52191ba672db5bc971294efb8227,19RybK6XDbAVpcdxSbZL1o,1,30,0,0,0,0,0,0,0,71
181,Intro,['The xx'],4e217abc82f572d5350dd807b4dc2eec,0DAsxISzun85PbsqAfIzeC,6,266,0,16,23,67,96,98,40,0
182,Can I Dance With You,['Young Ejecta'],4e71037b97e89809b7ddf51f3f74a5c5,4Y8Bkf3Uz4yb48RqiLwr74,3,113,0,0,0,0,0,44,61,85
183,Let It Happen,['Tame Impala'],4e8cbdd1b2f79325a72ce57efb75b472,2X485T9Z5Ly0xyaghN73ed,4,294,0,0,7,21,32,0,0,50
184,Beautiful Life feat. Luciana Villanova,"['Gui Boratto', 'Luciana Villanova']",4ea7de0c0945f747ed0bbab85b8f7288,1GsEQy2L9RXHEgTufGWbs7,1,57,0,44,0,0,0,0,0,0
185,Elephant,['Tame Impala'],4f099eb1b09f3012e6be92178152b09b,6qZjm61s6u8Ead9sWxCDro,1,16,0,0,0,85,0,0,0,0
186,Lines,['Melosense'],4f0b392371d07cbfc444b25c005e7af3,0xXKBial2Oc7HnRoAqOzT8,1,72,29,0,0,0,0,0,0,0
187,Overdrive,['Lazerhawk'],4f480c1fbc68db8000bdbf69ce8b3256,4fo7zZTzAJd66iUxDQ5xUD,5,383,0,0,1,30,64,0,8,19
188,Horsepower,['Justice'],4f792622e1cef8aa06921ba18314cb17,4RWp46k6W4T1SISIuzgpH1,3,230,0,0,0,0,8,31,34,0
189,Such Great Heights,['The Postal Service'],4fc22e217ef7e8bf90c4002aefb8d6a8,3iDK8BAaBUatPR84gdfa9g,1,67,34,0,0,0,0,0,0,0
190,Generator,['Justice'],4fc2b3328611573020ec906a8f2c0784,3SAPArJ8nBPPvguqJFh9F2,1,74,0,0,0,0,0,0,27,0
191,New Romantics,['Taylor Swift'],51292b978bb98e4f0ca75fdc408e52cb,0qAIiGFKLdV1xpNlEhjpq8,2,140,0,0,0,25,0,0,0,37
192,Blood Dragon Theme,['Power Glove'],51646c03add99c58999d4e174f5ff6d8,0fkgNje097R3eszeV59iTI,1,52,49,0,0,0,0,0,0,0
193,Such Great Heights - Remastered,['The Postal Service'],517bb4ce831b6e6ff753a3f291df23fe,4G21jWo0Cm6lOIUNnZ2mUI,1,53,0,0,0,0,0,0,0,48
194,Dream Machine,['Lazerhawk'],5252dc476c9d23962651072cd6d86118,7LMs6dgUY3YK9R12uf8TXA,3,111,0,0,76,34,82,0,0,0
195,Kerosene,['Crystal Castles'],52b19cc53e77af9859ed594f01d4bfda,6E1YebXpPPtujMUljDNlOo,1,86,0,0,0,0,0,15,0,0
196,All Night,['Trevor Something'],537d6bd5542649d4fd173c2ec49460a0,2A4400zHlQUJukrwuS5FJ7,1,29,0,0,0,72,0,0,0,0
197,Screen Guru,['Young Ejecta'],53c7291b678445567550c621f5411628,62e2IJENrjvf4e8H7ayZvX,3,268,0,0,0,0,0,13,10,12
198,Make Love,['Daft Punk'],54ea1bb832ba5f00323d973dfa64118f,1WnXCfO6oIxG0TbJj29MqR,3,101,0,29,84,89,0,0,0,0
199,Gangsta's Paradise,"['Coolio', 'L.V.']",551c968818e2800df2871ac559d90a69,7lQWRAjyhTpCWFC0jmclT4,1,32,0,0,0,69,0,0,0,0
200,Raum,['Digitalism'],5586fdce99546182ff81a08717894563,3O9yeUAUAF89EY52Zzp3te,1,31,0,0,0,70,0,0,0,0
201,cold/mess,['Prateek Kuhad'],56c80810656378c04efa9d682702d147,2AoWWiMelowkStJoqPMDed,1,38,0,63,0,0,0,0,0,0
202,i,['Kendrick Lamar'],582908cdade52e668242983a2aa95f71,1MbEoScHOKOkpI8rd7cXEU,1,25,0,76,0,0,0,0,0,0
203,Moon Over The Castle - GT7 Full Version,"['Masahiro Ando', 'T-SQUARE']",58a505360c0c4af83304ac3542274208,7lSqTGoNfxbllDHsYPhXFS,1,85,0,0,0,0,0,0,0,16
204,Sussudio - 2016 Remaster,['Phil Collins'],5a961bb3e0e9c90e074869cc4bc029a3,4qM461TqtpnP4GLRIXwEnW,2,76,0,0,0,0,0,0,37,89
205,Beach Walk,['Whitewoods '],5b3ca873839831f1af021166e97b37f6,1KN9HelgzrT0jMQ5Ju8u8Y,2,111,12,79,0,0,0,0,0,0
206,Hype Boys,"['Sway', 'Mr Bigz']",5b95e1d670849e014728d11b7fa8d91b,1HMuRiW4dqdiR0K1reONmt,2,87,0,0,28,87,0,0,0,0
207,Atomic Amnesia MMX,['3kliksphilip'],5d18c2e3bfe7c3a026167f01e64b2420,44MQfgzyZN6usFF5XtRkm1,1,50,0,0,0,0,51,0,0,0
208,Wow - 2018 Remaster,['Kate Bush'],5d478ea3f678c4e5291b15c009a3663d,4XkeyeYnDu2ouLF4DjtCxI,1,50,0,0,0,0,0,51,0,0
209,Levels - Skrillex Remix,"['Avicii', 'Skrillex']",5d5c2b1951d8749073b078a2a566d900,5f6igUw1asUL4AGXSvgTW8,1,21,0,0,0,80,0,0,0,0
210,Accelerated,['Miami Nights 1984'],5d81c9dc234d0468eba09298ee2bbb9b,2ObIae20xxdx8dmkIrOgHh,1,100,0,0,0,0,0,0,0,1
211,Hacker,['Death Grips'],5eac8e8e66524694f2999d261aa111d3,7y8X0Z04gJCKtfrnSAMywJ,3,114,0,0,0,7,91,91,0,0
212,With You,['AP Dhillon'],5ebdcaa76f4a6a9f9c6ae377300ba483,0xIuPDzJSnJywALez8dwKR,1,15,0,0,0,0,0,86,0,0
213,Redline,['Lazerhawk'],5f0336e6d04227db5e9092885aeaab32,0QtAIlFUFUUWXGXlbEc6vc,3,101,0,0,12,0,90,0,100,0
214,We've Got To Try,['The Chemical Brothers'],5f107307d3f7ad1cc975e46d6f315224,3MjX8uiZYKRuuELm6iyunN,2,31,0,0,92,0,79,0,0,0
215,Baba O'Riley,['The Who'],60338b4b9f9309c8e8a28de1719fe7ef,3qiyyUfYe7CRYLucrPmulD,3,82,0,59,86,0,76,0,0,0
216,Play Date,['Melanie Martinez'],605d742aa48344eff77539ff91d34953,4DpNNXFMMxQEKl7r0ykkWA,2,114,0,0,29,59,0,0,0,0
217,Nyquist,['deadmau5'],6060cbf5ad6699db9d2666edd12d5d26,2vPlEZrLXYhZkMzEFyfroi,1,17,0,84,0,0,0,0,0,0
218,Veridis Quo,['Daft Punk'],609cdbbfd11b3e267cde0434ed1d8e10,2LD2gT7gwAurzdQDQtILds,2,103,35,64,0,0,0,0,0,0
219,Born Too Slow,['The Crystal Method'],61295d93497935203f05bf3af7c5545d,6TrsUeqTOaRsKh3fIlpE1t,1,75,0,0,0,0,0,0,0,26
220,Pacific Coast Highway,['Fukkk Offf'],618e8aab161adc460a6575858a3bc932,34nixLtq739l1cY1eGCSW0,1,8,0,0,93,0,0,0,0,0
221,Arrival,['Lazerhawk'],61c4e667268ac7110406a7cfb713e251,0LGIEqMP9sc0UqZJ5uk4zF,2,175,0,0,0,0,0,0,16,11
222,Khali Salam Dua,"['Mohit Chauhan', 'Himesh Reshammiya', 'Shabbir Ahmed']",61d22afa5b481f722529793d89e8d6ac,6mNFka8vs9DGwsMF9brscL,1,22,0,0,79,0,0,0,0,0
223,And the Day Goes On,['Bill Wurtz'],6309b3caf7b2a8641e0d45136d87de30,7GLqxrkceMlnw2OMZleOeg,1,58,43,0,0,0,0,0,0,0
224,On Melancholy Hill,['Gorillaz'],63217377684668dd67a3d33100c78a57,0q6LuUqGLUiCPP1cbdwFs3,5,224,4,56,0,96,0,34,91,0
225,It's The Hard-Knock Life,"['Quvenzhané Wallis', 'Zoe Margaret Colletti', 'Nicolette Pierini', 'Eden Duncan-Smith', 'Amanda Troya']",647c87f3bd7c852790211b60851178cf,2VnMIUBC3Bj7SIcjCqfPx0,1,27,0,0,74,0,0,0,0,0
226,Stairfoot Lane Bunker - Minor Science Remix,"['Special Request', 'Minor Science']",6499bf9acd630490ec624cf5cba429ad,3u8t4yJcbYFYzipDYQN59H,1,13,88,0,0,0,0,0,0,0
227,Ending,['Ahoy'],64bf03394dc842f36081cd751aa7a46c,6RJX2r7Xxm7OrSOOaMnHPP,3,169,0,0,0,0,0,10,82,42
228,cardigan,['Taylor Swift'],654d4bd2569b9324b43b053bfdc8e7e3,4R2kfaDFhslZEMJqAFNpdd,2,111,0,0,0,0,0,71,20,0
229,Rightfull Hate - 2018 Remastered,['Reznyck'],65d3ecbc829668231bb2ee12a3388b43,4s9WniWlj0h6RtHXErhsXA,1,9,0,0,0,0,0,0,0,92
230,Jeremiah (The Denier),['Young Ejecta'],669567263c12a9820c825c8479eb3727,7ErZFL96KVWIvutZBORazS,3,92,0,0,0,0,0,40,73,98
231,Flower Dance,['DJ Okawari'],66d4b23c1909f520c25aadefb9eef2af,6RaJbbhKDOuBGQhbZCubCW,4,225,0,0,0,48,14,73,44,0
232,Renegades,['X Ambassadors'],66ff94a1f3e2b1cf64e8f9cbc201856e,0fYVliAYKHuPmECRs1pbRf,1,1,0,100,0,0,0,0,0,0
233,In the Name of Love,"['Martin Garrix', 'Bebe Rexha']",6777d2dd92a7020542906d1cc69b5506,23L5CiUhw2jV1OIMwthR3S,1,51,0,0,0,0,0,0,50,0
234,Cyanide Sisters,['Com Truise'],677b8afb9e244534ac2031673f5419ee,3CwK0oEtu9bCl0R5nuMzjx,1,47,0,54,0,0,0,0,0,0
235,claws,['Charli xcx'],6819cac6327994e815cae1ad87011797,7Dexi5Z2IowCkHrnzlWysc,2,118,0,0,0,0,41,0,43,0
236,The Shepherd,"['Jon Opstad', 'Paul Haslinger']",684c92eb8d26039c407418b9717e5afb,5qfkWBYlUWvxVnwvO9tzIg,1,69,0,0,0,32,0,0,0,0
237,Sari Sari Raat,['Himesh Reshammiya'],68517d852f7fb39e1bb91d8b8915ad82,6jivU86V3lquhcVQiZNMwi,1,8,0,0,0,93,0,0,0,0
238,Final Masquerade,['Linkin Park'],68537b95e8d4e1624d8cb0d0f6238b56,3aYBjxTMvrEOP0A0UXg9ER,1,61,0,0,0,0,40,0,0,0
239,A Moment Apart,['ODESZA'],68c359c9551fe0457da2d1db5da09703,59wlTaYOL5tDUgXnbBQ3my,1,61,0,40,0,0,0,0,0,0
240,Calcifer,['Yoste'],68e3c38f0f80c9f127f077040402a03e,3H4us4l0x99hELZHtrnP6f,1,86,0,15,0,0,0,0,0,0
241,willow,['Taylor Swift'],69c6ae87861a3a932489837dbec4254c,3Uo7WG0vmLQ07WB4BDwy7D,1,31,0,0,0,0,0,0,70,0
242,I Want Your Love,['Trevor Something'],6c3cb0b1db845214b29e5f8fddc8d805,1Mxql2NqKz0iyMeqFJwGYh,2,110,0,0,0,4,0,0,88,0
243,Call My Name,['Young Ejecta'],6d5f8310e6b4d58a51170bf322e6f5aa,1cbvmFWtZ99htnNBZZZIBF,3,136,0,0,0,0,0,21,95,51
244,Risingson,['Massive Attack'],6dd007cfa1de522df9195b2dfc95f6c6,6ggJ6MceyHGWtUg1KLp3M1,2,94,0,0,0,0,0,76,32,0
245,Hey!,"['Gaspard Augé', 'Justice']",6e0c0a4258adc2b530a09ece3a819678,7AdHRIORwlYIUTlY1Dfa0u,1,65,0,0,0,36,0,0,0,0
246,Echoes,['Pink Floyd'],6e31938a23cba33c67b85722e19ed306,7kriFJLY2KOhw5en9iI2jb,3,247,0,0,0,1,33,22,0,0
247,DARE (feat. Shaun Ryder & Roses Gabor),"['Gorillaz', 'Shaun Ryder', 'Roses Gabor']",6e7b71fdd2cba3f47b4c8eca9fd31a41,4Hff1IjRbLGeLgFgxvHflk,2,132,0,0,37,33,0,0,0,0
248,Pompeii,['Bastille'],6e8ac9f09b94fa1c7331c3785b37525a,3gbBpTdY8lnQwqxNCcf795,1,86,15,0,0,0,0,0,0,0
249,Floating on Your Memories,['Rhodz'],6e98717b99037fa8d0b3e69ab3265dc4,19x0wfJhjCLPlUEE63ar4o,2,123,9,70,0,0,0,0,0,0
250,Money,['Pink Floyd'],6fa6ed3f74a3f7b31ddb6ee8c7232d9f,0vFOzaXqZHahrZp6enQwQb,1,75,0,0,26,0,0,0,0,0
251,In Your Arms,['Mr.Kitty'],70c77c638c7903ddb4ecfd0d6d36589d,30EldS3xSf98r4S6BOf7ZP,1,98,0,0,0,0,3,0,0,0
252,snowfall,"['Øneheart', 'reidenshi']",70e2bb8a80e7a79d13b88a4a4f626015,4xF4ZBGPZKxECeDFrqSAG4,2,109,0,0,0,0,0,63,30,0
253,Ave Maria,['Labrinth'],716ccd967024a7828fa89465bfb44834,3vzqs9tJQx7JoTC2bX7uae,1,86,0,0,0,15,0,0,0,0
254,Troublemaker,"['Akon', 'Sweet Rush']",721352d3c62c34e5f74ca4e28535dc67,7FOXrArO9CU6xVZotChlD8,1,9,0,0,0,0,0,92,0,0
255,Genesis,['Justice'],7270c538f37bd805247c3da92d46e321,4wSmqFg31t6LsQWtzYAJob,2,58,0,60,0,0,84,0,0,0
256,Afraid of the Dark,['Young Ejecta'],7288525d2369c496ec171dc8df9fce86,11hT0nxz6F65S8aArbKq9l,2,57,0,0,0,0,0,75,0,70
257,Memory,['Com Truise'],72c844e490a75f49ed25a8f9e956e54a,25jpX7KzuyCu8SZM0I4k47,2,116,60,26,0,0,0,0,0,0
258,Eclipse,['Pink Floyd'],73104c910c3b22b5c1aa4f4efa59b96a,1tDWVeCR9oWGX8d5J9rswk,2,60,0,0,42,0,0,100,0,0
259,Lake Zurich,['Gorillaz'],73ea1d89b85cac418a812d9cd9924302,0RC23Ua9z3HUD9ssrX2VGj,4,220,0,0,8,26,68,0,0,82
260,Will He,['Joji'],7414de5cbafe68d4ce95a18f874fc022,7wvwXi9Z66dcH5t202vVkN,1,28,73,0,0,0,0,0,0,0
261,Enth E Nd (Kutmasta Kurt Reanimation) [feat. Motion Man],"['Linkin Park', 'Motion Man']",7426e573c5322a4fd707f3ab5e917e08,50xYqUTVCvoqRLuyWFuG3r,1,16,0,85,0,0,0,0,0,0
262,milky skittles,['Manatee Commune'],744505732764013a93fd8782b1e29eeb,0uQVss7IyO6HrvcLJ8OCvw,2,29,83,90,0,0,0,0,0,0
263,Cast Away,['Strange Talk'],74c7a0aee7bb0548c9b28c5c6f885b07,3cGId8PTijdzqAHuCwn3MW,1,60,0,41,0,0,0,0,0,0
264,Solitude Is Bliss,['Tame Impala'],7538841e267e5090826ee930a78e8565,2a2MbiJN2skOxohykOVcss,1,37,0,0,0,0,0,64,0,0
265,In The Air Tonight - 2015 Remastered,['Phil Collins'],7712e196e7ca16a3d335f05d1a33349f,18AXbzPzBS8Y3AkgSxzJPb,1,43,0,0,0,0,0,0,58,0
266,Landroverdosis,['Reznyck'],773a63214e8854e55ca3a87cb805a9e2,1D6oRBwRGEgrYO4zHdMkk6,3,218,0,14,11,60,0,0,0,0
267,Fade Away,['Trevor Something'],7870de75538e0bf432999b9d722876ea,3Vit46aYIz4uq4HlfCoiX1,1,2,0,0,0,99,0,0,0,0
268,Pigs (Three Different Ones) - 2011 Remaster,['Pink Floyd'],796ca2d6e2a9738d957e2c7082ed4771,23dTQ4fjLrPPbYHamkJDzo,1,87,0,0,0,0,0,14,0,0
269,Better Now,['Post Malone'],79afd0ac5cf9367df34ccfdf92d245a8,7dt6x5M1jzdTEt8oCbisTK,1,19,82,0,0,0,0,0,0,0
270,Wow,['Kate Bush'],79ecd72363c3546c532a672a56de9cf9,1hbB7wFZ28n5vOfMEEY2Jw,1,89,0,0,0,0,12,0,0,0
271,Careless Whisper,['George Michael'],7b885bb298428d9973bccb6d76b81d66,4jDmJ51x1o9NZB5Nxxc7gY,1,48,0,0,0,0,0,0,53,0
272,Giorgio by Moroder,['Daft Punk'],7c1bd5f3e11711a0dee007579a5562e0,0oks4FnzhNp5QPTZtoet7c,4,158,46,25,0,97,0,0,78,0
273,A BOY IS A GUN*,"['Tyler, The Creator']",7d7fb571b388b942580bd78772461004,1nXZnTALNXiPlvXotqHm66,2,6,0,0,96,100,0,0,0,0
274,Have a Cigar,['Pink Floyd'],7eacdde2f7d96418187ad9474ef57dd0,3CmHvyZQQAGkKkTjTBFWN6,1,32,0,0,0,0,0,69,0,0
275,夢の続き,['Mariya Takeuchi'],7f3a06b29652b864b7ace133c5fec780,1BnODvOuKbTnAZYkMVzJCL,1,99,0,0,0,0,0,0,0,2
276,Electric Feel - Justice Remix,"['MGMT', 'Justice']",7f3f248ec10f2c1dced9cc088c9876cd,2eGHyarZyRvUgFI4d3G8GN,2,83,0,0,0,54,65,0,0,0
277,LOVELY BASTARDS,"['ZWE1HVNDXR', 'yatashigang']",7f4cf5404e90d3be6fc53a9a31977a4d,0EqczV3o6fwksegAavIHpX,1,38,0,0,0,0,0,0,63,0
278,Khamoshiyan,"['Jeet Gannguli', 'Arijit Singh', 'Rashmi Virag']",80875efa4754dd3b9cad5904bf1dcc0f,6zCQF5tu7HVwU9shhKqiuF,1,40,0,0,0,61,0,0,0,0
279,Feedback,['Kanye West'],818a6716a12340a8ee253a8b03dc761e,49fT6owWuknekShh9utsjv,1,26,0,0,75,0,0,0,0,0
280,Don't Dream It's Over,['Crowded House'],818cf245e0b1dd68d493c8cc661036a7,7G7tgVYORlDuVprcYHuFJh,1,34,0,0,0,0,0,0,0,67
281,Between the Bars,['Elliott Smith'],8247efa896dc40302c61a9472bb64a6f,7BhZDvzJV21Dd5bY9xvtII,2,122,0,13,67,0,0,0,0,0
282,Cara Mia Addio,['Aperture Science Psychoacoustic Laboratories'],82793bbaecef30c9619661edbe1d959f,2bpjxFRLWK8Vf808uecbIm,1,57,0,0,0,0,0,0,0,44
283,Teardrop,"['Massive Attack', 'Elizabeth Fraser']",830dd82658102dec12563c025a273084,67Hna13dNDkZvBpTXRIaOJ,4,289,0,0,0,0,5,11,21,78
284,Power Core,['Power Glove'],83aec53c22fbeae59105aa0ed7b43722,1JcwHjETNNbUH0yfrc9w9n,1,39,0,0,62,0,0,0,0,0
285,Sweden,['AngryParkRanger'],8424d9a9faa46501c2989b86a17c1009,4SzALfIRak4PrdLAeHlo1H,1,6,0,0,0,0,0,0,0,95
286,Wuthering Heights,['Kate Bush'],85224b40761797ef49e8d86c2d853810,5YSI1311X8t31PBjkBG4CZ,3,203,0,0,0,0,1,90,0,9
287,Am I Wrong,['Nico & Vinz'],858812ceb8660a841e56261a6d90d3d2,1fidCEsYlaVE3pHwKCvpFZ,1,54,0,47,0,0,0,0,0,0
288,If We Being Rëal,['Yeat'],85e4ff4d14f9c29c99added03c83ec75,0YThXX1dqUpYBLyJNAsF9N,1,98,0,0,0,0,0,0,0,3
289,Beyond the Grid,['Synthatiger'],865b7beb5012098582d821583a7d5d34,4hja74qqWBUmm5qRHL7g3K,1,61,0,0,40,0,0,0,0,0
290,Neon Dawn,"['Jon Opstad', 'Paul Haslinger']",8681108d28b5754f0e5b82aa8dea776d,53VOXicHGEApkmWKtEu7w6,1,43,0,0,0,0,0,0,0,58
291,Breeze,['Mitch Murder'],876f4ede4bbff6e7301e1f8af273d307,4QfMUPyVRurqeIH1k4a9Ky,1,10,91,0,0,0,0,0,0,0
292,Powerlines,['Tame Impala'],87dc272c2982d6db7ac0c44cd74e43ba,7nmtH3cyqEmKz8F09V60yO,2,105,0,0,0,0,0,30,67,0
293,Save Your Tears,['The Weeknd'],88384710014518df41de0809a77c9546,5QO79kh1waicV47BqGRL3g,1,78,0,0,0,0,0,0,0,23
294,Centuries Of Damn,['Death Grips'],884bacdba0b906e20808ef20e18d7479,3CpYYllIYfFqDJaK2Cp2Y6,1,5,0,0,0,0,0,0,0,96
295,I Wonder,['Kanye West'],889afa29f9b18adcb5145738df6f27a3,7rbECVPkY5UODxoOUVKZnA,2,89,0,0,0,0,0,38,0,75
296,Die For You,"['VALORANT', 'Grabbitz']",8922ba8732b9ddce6eb8a56633d00358,2lz3zjQ5QCVXiyOzIk02vW,3,234,0,0,0,0,19,0,44,6
297,Catgroove - Club Version,['Parov Stelar'],89abb044fbee017bfbe83461ea250f39,2DD5XI7G8F4gkCAZj1Kh92,1,28,0,73,0,0,0,0,0,0
298,Send Them Off!,['Bastille'],8ae7a39dae61c45109b1f52858e511e2,4Wg7VfvO7NVG57R8cSPDQG,1,39,62,0,0,0,0,0,0,0
299,Dance Yrself Clean,['LCD Soundsystem'],8b48d48d8dc3660a01e2ab79a24f42ac,2cmRpmO04TLaKPzmAzySYZ,3,174,31,9,0,0,89,0,0,0
300,Diplomacy,['Else'],8caf9b6c0a04ae699dbefda6f1f2a729,7aDuKHZH3g3et5BXFmNAnL,1,7,0,94,0,0,0,0,0,0
301,Nacht,['Nina Müller'],8dfb0c173763f4518d050ca0544f0ef3,52ksTtCWbqZODj9FNzPeiW,3,173,0,5,39,86,0,0,0,0
302,Scene 2,['Gui Boratto'],8e7090679745cbcd780c25a8438b0d38,0MrHjYitcj2AM851dimyn3,1,71,30,0,0,0,0,0,0,0
303,Eleanor Lye,['Young Ejecta'],8f87dfe41dc7e57ee3f3d1e06c35faba,0clLocY5bGcc8zKftrMQ91,4,302,0,0,0,0,54,5,3,40
304,Solar Sailer - Remixed by Pretty Lights,"['Daft Punk', 'Pretty Lights']",903d69b2e14ebce57fc6ba05cf85e9ce,4OgB6TRmIGBRT4NoFxxIQd,2,28,90,0,0,0,0,0,0,84
305,This Fire,['Killswitch Engage'],916af2683d4672e1f3d3b9e1b0735625,07ceEXOyS7ghQkyCOycXwP,2,146,0,0,0,0,0,0,11,45
306,Paradise Circus,"['Massive Attack', 'Hope Sandoval']",91aa1a834e0871de3c1e36fee07099be,2BndJYJQ17UcEeUFJP5JmY,3,228,0,0,0,0,0,7,6,62
307,Session,['Linkin Park'],926762e3134479e910bd859c34a2b694,37x8Yjc8zVECE2QLqc985a,3,236,11,0,0,0,49,0,0,7
308,Ching Ching,['Wolfgang Gartner'],92c559d5119f84bbbe2155605fdda775,3dxvjyC8LJ5kH2iFqfne8j,1,45,0,0,0,0,56,0,0,0
309,Thé à la menthe (The Lazer Dance Version) [Instrumental],['La Caution'],92d05dd372d262ec68e06aa3ec093f35,126HWk9JuCt4PHZJAAsgOv,1,41,0,0,0,0,0,60,0,0
310,Walking On A Dream,['Empire Of The Sun'],9369af3fd4df28cb0c37a8be24b90077,5r5cp9IpziiIsR6b93vcnQ,1,79,0,0,0,0,22,0,0,0
311,When You're Small,['MGMT'],9450adc99ed91afcb7c1404c29ecc996,0fokoG1PTmfQr6HrBoKzo1,1,26,0,0,0,75,0,0,0,0
312,ivy,['Taylor Swift'],94c04659087a11cd058bf7b936953288,19CSr8rwW05VJL2F91KFNK,1,47,0,0,0,0,0,0,54,0
313,money machine,"['100 gecs', 'Laura Les', 'Dylan Brady']",94c097d9606266e7ad181883b4cb28c5,61bwFjzXGG1x2aZsANdLyl,1,40,0,0,0,0,0,61,0,0
314,Take Me Out,['Franz Ferdinand'],94d23f7be78a3125daa4a604b2259186,6ooluO7DiEhI1zmK94nRCM,1,98,3,0,0,0,0,0,0,0
315,Down,['Marian Hill'],95bdcd266be6d919a81d2d92b621e384,5eCkuGPZNl4mISFNPgr3Dd,1,60,41,0,0,0,0,0,0,0
316,I Knew You Were Trouble.,['Taylor Swift'],96addbaf9031650e4a33b0558ac54f98,72jCZdH0Lhg93z6Z4hBjgj,1,42,0,0,59,0,0,0,0,0
317,Hosanna,"['A.R. Rahman', 'Vijay Prakash', ""Suzanne D'Mello"", 'Blaaze', 'Thamarai']",96e91515bddd7555be6bc410ba62c851,3l7JaDIJmWMpvcJqhTJjrk,1,49,0,0,0,0,0,52,0,0
318,Star Fighter,['Wice'],9770fdaeca4a410c19d82587f199b2a7,6xLLsawIiO3QPYmL2lCCNK,1,14,0,0,87,0,0,0,0,0
319,Atlas Air,['Massive Attack'],97967cb17dc5a34c4bc1db4d3ad888e6,4y6aEDPYJ2ObOWoDL84W9u,2,46,0,0,0,0,0,72,84,0
320,Punk Weight,['Death Grips'],97c2d1a1655a575754ac9a2feaf4ab8e,6Ucjy0z1uO111RCUVXqhnn,2,82,0,0,0,35,0,0,85,0
321,How Can He Go so Fast,['Cluster Buster'],98b4a6824300d4bb7dc90b77773385ed,7sJH9YMJbJBPsXnPtK0Hys,1,32,69,0,0,0,0,0,0,0
322,Sunset,['The xx'],98bc3420f79f5aa4c4e6f5f9d852a8ab,2ZiP8MZpUq1xi5uBoT1r42,1,59,0,0,0,0,0,42,0,0
323,Alone,['Russ'],99c1c2b2693db32be76201aaa9e67ee0,3p0Y1C5jhaqyKW7d9oskXA,1,75,26,0,0,0,0,0,0,0
324,SexyBack,['Trevor Something'],99e155e0fb316f1b5884e3ab52bf59a9,1bybWq4lbIsoxWtd5j4iFy,1,30,0,0,0,0,0,0,71,0
325,See You Again (feat. Kali Uchis),"['Tyler, The Creator', 'Kali Uchis']",9a1fb582e2b7738f7a95bafd7025fc6d,7KA4W4McWYRpgf0fWsJZWB,1,98,0,3,0,0,0,0,0,0
326,Surfing The Wave,['Phil Gerus'],9a26b2ade95634eb649e9211885c0a0e,3sx9wyQlTBXt7X27sr2sIU,3,175,0,21,24,83,0,0,0,0
327,Homecoming,"['Kanye West', 'Chris Martin']",9a5089fc76c482b3138cefc775b080c2,2ovQ5MCx91XVjgVWEPfvks,1,14,0,87,0,0,0,0,0,0
328,Solo (feat. Demi Lovato),"['Clean Bandit', 'Demi Lovato']",9abb33860e3e0badb541e7b9fb921457,6kPJZM97LwdG9QIsT7khp6,1,5,96,0,0,0,0,0,0,0
329,Runaway,"['Kanye West', 'Pusha T']",9b1f368630593d6254c2156c51671a42,3DK6m7It6Pw857FcQftMds,4,292,0,8,44,0,0,0,35,25
330,Asshole,"['Eminem', 'Skylar Grey']",9ba904b39987481aeb5f09626ef64bf2,0OOv1XGVVzUgTIzomIHfR0,1,13,0,88,0,0,0,0,0,0
331,Sexualizer (feat. Flash Arnold),"['Perturbator', 'Flash Arnold']",9bd368595a5313831cde93296beac475,4mbYAXxvtRHjLZT92MTT8k,1,1,100,0,0,0,0,0,0,0
332,Immigrant Song - Remaster,['Led Zeppelin'],9c70c04372d790946e0f80e02f07d44f,78lgmZwycJ3nzsdgmPPGNx,1,6,95,0,0,0,0,0,0,0
333,Aquarium,['Nosaj Thing'],9c72ac9a862fbe5db0b8688a1776dd4d,4ZOv9mx6Lz7RRaBFi5UNaE,1,24,0,77,0,0,0,0,0,0
334,Untitled,['Interpol'],9ca875fdf3829fb3e43a6c3b26f0eb74,2ZgyzFYYOz21b2AhPPkWKF,3,190,0,0,0,0,4,67,42,0
335,Shock Doctrine,['Reznyck'],9d9926177ad4f53d363170217ff27955,1MKrz0f2fIw1GcabcqinK1,1,43,0,0,58,0,0,0,0,0
336,Everlong,['Foo Fighters'],9ddc81d3df1c51a66679c33b9ccb25fc,5UWwZ5lm5PKu6eKsHAGxOk,1,91,0,10,0,0,0,0,0,0
337,Darker Than Blood (feat. Linkin Park),"['Steve Aoki', 'Linkin Park']",9f1251bdcf5aaeb810ce25fd5929f297,6ebOVdkIO3G7XLWQUlKCyc,1,2,0,0,0,0,0,0,99,0
338,Into Your Heart,['Young Ejecta'],9fab6d24d8de3c64cea85792f22089d4,3XSfnCC3y79QFT3ETft2O2,2,84,0,0,0,0,0,53,0,65
339,Voyager,['Daft Punk'],a146ff5aed33df20eaad46a9c5272e13,7cMFjxhbXBpOlais7KMF3j,3,153,13,49,0,0,0,0,0,88
340,Glimpse of Us,['Joji'],a17cff70d880163e685919246f93e81e,2mlNgAeIBnL78ZriXgrRHz,1,71,0,0,0,0,30,0,0,0
341,Lo Que Siento,['Cuco'],a19a04fa9bf70b212329dc10437cd8b3,3oyf4dalm17kzTE8LJDbgR,1,70,0,31,0,0,0,0,0,0
342,The Winner Takes It All,['ABBA'],a1b14daeaa6871d8c9bff7b1ab38cf4b,3oEkrIfXfSh9zGnE7eBzSV,1,74,0,0,0,0,0,0,0,27
343,One Of Your Girls,['Troye Sivan'],a1e415cbdae08de3e865aca628df315e,5Eh1nj7IjV9lwpcKAkidyY,3,140,0,0,0,0,0,68,39,56
344,Distress Signal,['Lazerhawk'],a23405742fa52957f31a6df7817c53ac,7b9Tx6G8EUC1xBNNbw2FpV,2,40,0,0,68,94,0,0,0,0
345,Yeh Jo Des Hai Tera,['A.R. Rahman'],a53290622cc74df83a3eab2fb3463112,65fbHxPPnRGPXaGN3PtpXd,1,45,0,0,0,0,0,56,0,0
346,Thin Floors And Tall Ceilings,['ODESZA'],a64d95b280c7d9baf4539ea2ce466636,1zyMwU1NtRDkuQWthUbGsL,1,84,0,17,0,0,0,0,0,0
347,Fortnight (feat. Post Malone),"['Taylor Swift', 'Post Malone']",a6686c3c85ea06d783a5db1134f381fc,2OzhQlSqBEmt7hmkYxfT6m,1,94,0,0,0,0,0,0,7,0
348,Freedom Fighter,"['Lorne Balfe', ""Assassin's Creed""]",a6f923c216f4a2ae3f96e3299f5faa96,19jxRSHH7ZPTSrY3cgQ07S,1,25,76,0,0,0,0,0,0,0
349,King Of The Mountain,['Kate Bush'],a7d72b7dd1a97d9f64fa37624b6dd1a0,21ZTkAe7nw4kAR1aHyZXSx,1,78,0,0,0,0,23,0,0,0
350,Windowpane,['Opeth'],a82ed3d23e4e80600cb459803abdf43a,4uJSCrI7r0usNJ3aaHAuC6,2,86,0,0,36,0,80,0,0,0
351,Cola,['Massappeals'],a8757b706881b17fc1080746c74aa77a,0Cg7vwaMdGB7zWrZDpOmxB,1,4,97,0,0,0,0,0,0,0
352,NEW MAGIC WAND,"['Tyler, The Creator']",a8831a58bcaec5fc75f7949ed39f74a8,0fv2KH6hac06J86hBUTcSf,4,112,0,0,0,46,74,82,0,90
353,Ambitionz Az A Ridah,['2Pac'],a925228d5f9f4a0cd5d6b1ede5dd8ccf,3ssX20QT5c3nA9wk78V1LQ,1,32,0,0,69,0,0,0,0,0
354,Power Core - Extended Version,['Power Glove'],a95ce28fbab7b1fe446ce0a5184f8729,45rIQ6YBgTQI6s4iF36JDL,1,28,0,0,73,0,0,0,0,0
355,Souk Eye,['Gorillaz'],aa87c12820c166442beda1c718aaa65b,4fjzDf54eBNOlW45mNe14U,1,52,0,0,0,49,0,0,0,0
356,Drug and drop,['4DEPT'],ab0c275721eb145fc69f950ded5a02a9,3L7XICPtBG1vNEAYMIAT48,3,179,0,0,0,0,18,49,57,0
357,Feels Like We Only Go Backwards,['Tame Impala'],ab8c877ec591bdf413506f70e4618c09,0LtOwyZoSNZKJWHqjzADpW,1,93,0,0,0,8,0,0,0,0
358,"Together In Electric Dreams - Remastered 2003 / From ""Electric Dreams"" Original Motion Picture Soundtrack","['Phil Oakey', 'Giorgio Moroder']",abfbbc5ce1025d038fe4cee1e93f9226,0Ytxje4D5iXTHN3MOCC5jS,1,10,0,0,91,0,0,0,0,0
359,American Boy,"['Estelle', 'Kanye West']",ae1a97acce6b47809c9dea10cab1dbfc,22UDw8rSfLbUsaAGTXQ4Z8,1,84,0,0,17,0,0,0,0,0
360,My Way,['Calvin Harris'],ae9c5f57df205f09982e86c313c52b29,1vvNmPOiUuyCbgWmtc6yfm,2,55,0,58,89,0,0,0,0,0
361,Unconditionally,['Katy Perry'],aece21b8b935444a57fde750a713b928,009ImBOrIUlWgla8U05RAC,1,96,0,0,0,5,0,0,0,0
362,Maseratiphoïde - 2018 Remastered,['Reznyck'],af1c07f91eca3a2c1ecf0f3135aa4d49,45H23JLArupkDPuvld2g4u,3,158,0,0,0,0,85,0,14,46
363,On the Run,['Pink Floyd'],af422ba10aa67a950baeace4c90fab1b,73OIUNKRi2y24Cu9cOLrzM,1,79,0,0,22,0,0,0,0,0
364,Unconsolable,['X Ambassadors'],afa57e6e9e79d2ec4372823ae90adbc3,0jpoRHaMiyKNnCectzcXTv,1,74,0,0,0,0,27,0,0,0
365,The Night We Met,['Lord Huron'],afffd1439dc15ba4370a5f1c0a55fdd7,3hRV0jL3vUpRrcy398teAU,1,56,0,0,0,0,45,0,0,0
366,Formula 1 Theme,['Brian Tyler'],b08f9cc03ead56779eefd431df276e25,5r7egnfTIQjaKSGREhIky9,2,124,0,23,55,0,0,0,0,0
367,Yes I'm Changing,['Tame Impala'],b1fbeeb5f1374e0a243af246c21c6dec,0xtIp0lgccN85GfGOekS5L,1,77,0,0,0,0,24,0,0,0
368,Burning Desire,['Hudson Mohawke'],b22cc928eab20b2dc45d5e25d3e5fc86,7KNHkgQz2FD55VsKxb3Kr9,2,111,0,39,52,0,0,0,0,0
369,Don't Matter,['Akon'],b27fd05cafff1e5ffea703c5d8345279,6Rf0WOY4eBHPKRu4tiMQ5c,1,66,0,0,0,0,0,0,0,35
370,Written in My Face (Sheamus),"['WWE', 'Jim Johnston', 'Sean Jenness']",b2bc94a7480d3f37f9d2ed88380b2c7e,2grr0sNnckKS2DEfMMv8km,1,23,0,0,78,0,0,0,0,0
371,Roadgame,['Kavinsky'],b4cd64cafd2f18ca44f06d9f6fd66312,0NnZySMYKcB2BWrWPpSgLf,2,95,0,0,98,9,0,0,0,0
372,Spoiler - Original Mix,['Hyper'],b64b4543fa3bea99a4fd3c1a6b4f5c90,3BcEpBfEx2mOyCSJWIHSvu,1,38,0,0,0,63,0,0,0,0
373,Wicked Game,['Chris Isaak'],b70447206ac0b643d55cad9aff86762e,7w5AOd6HrDIHewHfpABEss,3,181,0,0,0,0,2,52,68,0
374,"Fall - From ""TRON: Legacy""/Score",['Daft Punk'],b77d5a6351d9e553384f8c2380ff829b,4XReCJmkuaKe5uuUhkjI7Q,1,68,0,0,33,0,0,0,0,0
375,Heartless,['Kanye West'],b7b788355a59b4a4246cc10200c898ed,4EWCNWgDS8707fNSZ1oaA5,1,16,0,0,85,0,0,0,0,0
376,Habits (feat. PASTEL GHOST),['Mr.Kitty'],b802276d405afd3ca07d0a3cc0a680a5,3maqY8XwtNEzFbMZymWLrD,1,63,0,0,0,0,38,0,0,0
377,On GP,['Death Grips'],b897d305c01f1f057a9408e7a8715c8a,4noXM2J8hOKnJ78J4dSTdj,1,42,0,0,0,0,0,0,59,0
378,Civilization,['Justice'],b96e64e54fbaefdeb804c69effdab92b,6EHqTINRmQ3LLLV1zZRhAt,1,56,0,45,0,0,0,0,0,0
379,La Ciudad,['ODESZA'],ba93aa34ac53ef2a79182fc76152e64b,56PT13pS9iuCdxHC6vjYSy,1,51,0,50,0,0,0,0,0,0
380,Lover,['Taylor Swift'],ba9a6defc8180dbf2780fa51ed56c0d5,1dGr1c8CrMLDpV6mPbImSI,1,85,0,0,16,0,0,0,0,0
381,Bfg Division,['Mick Gordon'],bb6a82e870e7d48f74c3bdcccce8e4fa,4COR2ZPEyUn0lsbAouRWxA,1,74,27,0,0,0,0,0,0,0
382,"Distant Signal, Pt. 1",['Lazerhawk'],bc01a2438ad55499ec0455090b7ac068,6G22nJIF1VmQ4koTRRYLGL,1,72,0,0,0,0,0,0,29,0
383,"End of Line - From ""TRON: Legacy""/Score",['Daft Punk'],bc4c62cf16d959349a0dc5d7fe8a7624,72MoCPAnz0UljAVmwHHw3Y,2,101,68,33,0,0,0,0,0,0
384,7 Years,['Lukas Graham'],bd2485c966f0e485bd73e085fcc14576,5kqIPrATaCc2LqxVWzQGbk,1,35,0,0,0,66,0,0,0,0
385,Black Skinhead,['Kanye West'],bd678a1ef92e2c7960601c322633ea74,722tgOgdIbNe3BEyLnejw4,1,83,0,18,0,0,0,0,0,0
386,Motherboard,['Daft Punk'],bd81bda5f85406318281dd1c09f1605b,79koEJRtKOOGJ0VSAF3FMk,1,82,0,19,0,0,0,0,0,0
387,River Flows In You - Original,['Yiruma'],bd8af59946bbb49f065bec7daf5aeef5,47ZWr1Nb0PUgmKgyg5JkgO,1,27,0,74,0,0,0,0,0,0
388,Rampage,['Kavinsky'],bda466c7338646f6a53a14e8f6737574,6gRAOJYu1jQsNgMlrrudT9,1,83,18,0,0,0,0,0,0,0
389,Headlock,['Imogen Heap'],be03446c4e20d4f40a7668b2e6c9d978,7vTENp2sLS3sPY5z4npYNr,2,182,0,0,0,0,0,0,5,15
390,Shining Down (feat. Matthew Santos),"['Lupe Fiasco', 'Matthew Santos']",bf533589a0b440aada12ea693e3b081e,6zAnGIFBx9EQQabvlsQiCm,1,5,0,0,0,0,0,96,0,0
391,Visitors,['Lazerhawk'],bfcafa1278dbd8e5d99568dd08a4280f,0KzZco1g8onivBbjIRsP1l,1,60,0,0,0,0,0,0,41,0
392,Wonderful Tonight,['Eric Clapton'],bfd93b388bbcc7f7e432ca278a55b61e,6zC0mpGYwbNTpk9SKwh08f,1,1,0,0,0,0,100,0,0,0
393,I Need U,['Jeremy Blake'],c0625dc260ab4515959e4a29b4aa8e39,1H1tP1DDC34WxRzvdUj3lf,1,37,64,0,0,0,0,0,0,0
394,Us and Them,['Pink Floyd'],c0e491fb21ab9ce69d13bc0733445964,1TKTiKp3zbNgrBH2IwSwIx,1,67,0,0,34,0,0,0,0,0
395,Rightfull Hate,['Reznyck'],c188898d75074c35fed36bbf7c864955,5pRJyfSRNf1iK7gnWuaDGz,2,57,0,0,50,95,0,0,0,0
396,Solo,['RiveR'],c18d2fc80c7df652e1fa7e1a4c97331e,7hz7mnxmHI1sOeeXYVwRut,1,30,0,0,0,71,0,0,0,0
397,Scarface (Push It To The Limit),['Paul Engemann'],c1943d0eae058059d5101b009b76a291,0H6rpW1xnJ8qRQwSrIADPE,1,68,0,0,0,0,0,33,0,0
398,Crayon Cactus,['Young Ejecta'],c247545da2db4ab44fe5ae40014eca0f,4UY5aS8KESSN1VyYe9sdbr,3,122,0,0,0,0,0,32,69,80
399,Love Again,['Meltt'],c386309ba8143f2fd73d6d4a149ee126,56hp2ikFv3vZJgZXtViF2N,2,100,0,0,0,0,0,0,74,28
400,"Distant Signal, Pt. 3",['Lazerhawk'],c3a440789ccc1a7dfc5af6e0f3a778e6,27uJLHQRwsARCqa9dGrHm6,3,202,0,0,0,0,0,79,4,18
401,Digital Witness,['St. Vincent'],c3d9345be36640579c88d1f537b7d192,5Nhsc59aScz67qNXA0y9Mn,1,77,0,0,0,0,0,24,0,0
402,So Electric,['Lifelike'],c4a295575a0d348a834bf5a1eae62206,6ZglrTKgUWCyfZIbwUs9sS,1,37,0,0,0,0,0,0,0,64
403,Crystals,['Professor Kliq'],c4bd43751df0997ba1e24bab0857a374,6vpQWLMjGocdRrbGbyc0is,1,4,0,0,97,0,0,0,0,0
404,Disco Planet,['Lazerhawk'],c4e14134633addddf8d1de6c292070b5,6e4b99pAKgDNl6r0Xj0gE4,2,44,0,0,0,0,98,0,60,0
405,Circles,['Post Malone'],c559927951587559de72930e130971b1,21jGcNKet2qwijlDFuPiPb,1,27,0,0,0,74,0,0,0,0
406,Guillotine,['Death Grips'],c61016fc0ce5c18b3c847b3a415377e1,3IrcvqIf3ZiBhf3xdsctRX,1,46,0,0,0,55,0,0,0,0
407,The Weekend - Radio Edit,['Michael Gray'],c63418b9b8f704891544c5a868671e12,6KzkqZqhUBEsWYJJa2aBOd,1,36,0,0,65,0,0,0,0,0
408,Heading South,['Mitch Murder'],c7cfc0a06ddf7b40b69f1c44ec5e9a11,7aq67cPBjJUmUs0GmGowzy,1,41,0,0,60,0,0,0,0,0
409,POWER,['Kanye West'],c7f86beda3f5f51a10b6644d0e7bab4a,2gZUPNdnz5Y45eiGxpHGSc,2,84,0,66,0,0,0,0,0,52
410,Unspecial effects,['deadmau5'],c87043848053cb01d49d6827700196cd,1YNLgeKVnCzhhp2JD7iRpJ,4,152,23,0,0,82,48,99,0,0
411,Taking Control,['Moskva-Kassiopeya'],c88e48765f41b8d98d12c73410b9220e,6cF9cnBZDxlRxYyIiGKVhn,3,125,0,22,64,92,0,0,0,0
412,Watch Dogs Theme,['Hudson Mohawke'],c896fb3481602cd94beb8121485ee189,3N7tGcETOUO0uJLXVbmhmP,2,182,8,12,0,0,0,0,0,0
413,Time,['Pink Floyd'],c8ca36505026eca4eb368c22a2e1cf15,3TO7bbrUKrOSPGRTB5MeCz,2,161,0,0,10,31,0,0,0,0
414,I Break Mirrors With My Face In The United States,['Death Grips'],c98e23e1212c7d1c1501627973aa4f51,4hiTbBpSeWGkkBC7YlTY9w,1,70,0,0,0,0,0,0,0,31
415,Paradise Warfare,['Carpenter Brut'],c9b427aa326498b31c635b77e0802faf,7MwjanOxjvV2ILQPfOKIIm,1,13,0,0,88,0,0,0,0,0
416,Tempted,['Squeeze'],ca049b9396c06502fc34146422469cb9,5r2z0FHOoFI06GZEVGDjzM,1,17,0,0,0,84,0,0,0,0
417,Time Machine,['Ingrid Michaelson'],caa0f8396387910126aaeadc6c30958a,3aR1FIPOWpQxo0sm6naVbK,1,50,51,0,0,0,0,0,0,0
418,That's All She Wrote,"['T.I.', 'Eminem']",cb92ea98f044ae371e8fcaf7276c1faf,6XAA7T9VHcqKQSzjmXAJ8o,1,6,0,95,0,0,0,0,0,0
419,セックス大好き,['Pink Guy'],cc01b69c112fd0a7c5d000598c68755f,0uguTAc0yJY2vfmqiuYoob,1,69,32,0,0,0,0,0,0,0
420,AH HA,['Young Ejecta'],cc1cace41a697fd8dae3964a8ee1c2b6,3NEjKS8OKmG6xHMrV9f8Vi,3,158,0,0,0,0,0,48,31,66
421,Niji no Kanata,"['Akira Kosemura', 'lasah']",cd47d807ffef6b0576a6d9374d593c70,4mpWdlzKGrpZ3iNjZKR0s3,1,2,0,0,99,0,0,0,0,0
422,Good L_ck (Yo_'re F_cked),['Celldweller'],cd72376175bfda0f6e8e7334abe46907,4qJrDTPDsQqaYGKMj0Thjk,1,40,0,0,61,0,0,0,0,0
423,M1 A1,['Gorillaz'],cec505153bfb9ceeab6ce74d8a23239a,0zbSbnHtSrVl1CBaTvCLIH,1,28,0,0,0,73,0,0,0,0
424,11th Dimension,['Julian Casablancas'],d125e7c84c693ab3fbdfaab41aeb95cd,6i99ThziImjuFABb8rUQvy,2,79,89,34,0,0,0,0,0,0
425,Return The Hitman (Bret Hart),"['WWE', 'Jim Johnston']",d14fc82f302013afc8c083183a0bb2be,3dd3XC94b9HGBKOg1uk0BS,1,1,0,0,100,0,0,0,0,0
426,"Distant Signal, Pt. 2",['Lazerhawk'],d167ac90cdd3fbf17df775fc8759e22b,6114ZZX9jhqR0WYdFaWOU0,1,37,0,0,0,0,0,0,64,0
427,Who Dat Boy (feat. A$AP Rocky),"['Tyler, The Creator', 'A$AP Rocky']",d1e09a6604bd4eab78dd24c533f097a3,21yRtB6B8EMounImAfHRCP,2,135,0,11,56,0,0,0,0,0
428,Me And You,['NERO'],d2e424933d90aad789dd205ee9a5d4ea,0xIof5gmHjFY0t1eX7angP,2,100,0,0,0,0,0,12,90,0
429,Eventually,['Tame Impala'],d302db0e2facb5f60b11e383c733d2db,5M4yti0QxgqJieUYaEXcpw,3,143,0,0,0,0,10,74,0,76
430,君と私,"['Naomi', 'Maiko']",d3cf9df2f7b942d2a5a15255532bd774,3lMpiebyCVH1LVjELHWtIS,2,42,0,0,0,0,75,85,0,0
431,360,['Charli xcx'],d3e7d229e4182052d7fe646c415469b6,4w2GLmK2wnioVnb5CPQeex,1,88,0,0,0,0,0,0,0,13
432,Moonbound,['Anzo'],d4af7f51f3f3a93123a899378c62fc80,1na1L8CvxXNDDQ7COhstWW,1,57,44,0,0,0,0,0,0,0
433,Crimewave,['Crystal Castles'],d4b19df7b98868804f5eb4b5058889e6,3yQFmN8A5S8Kf1nUJuvb01,1,85,16,0,0,0,0,0,0,0
434,Everything In Its Right Place,"['3421', 'Shuzin']",d573bf6f0575d5a25ae26762c0377106,2wEzL42UKaWpiX4jY2dPot,1,60,0,0,0,0,0,0,0,41
435,FE!N (feat. Playboi Carti),"['Travis Scott', 'Playboi Carti']",d60d608f5e6092ca0293365b0f6f2d53,42VsgItocQwOQC3XWZ8JNA,2,131,0,0,0,0,0,0,12,59
436,Nightdrive,['VHS Dreams'],d61fa03650ae56d3e89c6a198df6e5ce,5PEbg1iCYMU8mTgpqNampI,3,171,6,46,80,0,0,0,0,0
437,Olé,['John Newman'],d62c2df380255b27bdbe2dcb92ae2d4e,0XPRGMIQQPFny719O7IPD0,1,12,0,89,0,0,0,0,0,0
438,No Surprises,['Radiohead'],d6415ba6570181d2c57ec42fc701b238,10nyNJ6zNy2YVYLrcwLccB,2,118,0,0,0,0,0,4,80,0
439,Friends Don't Lie,"['The Alphabet Zero', 'Kellie Besch']",d6436bb8bfc24b910c4eb88dc804d56f,4l2GlP2bNCO5Dk6U1CUruU,1,59,0,42,0,0,0,0,0,0
440,Mayonaka no Door / Stay With Me,['Miki Matsubara'],d6fc848361fd61b534de1fbf2de79dc7,2BHj31ufdEqVK5CkYDp9mA,1,99,0,0,0,0,0,2,0,0
441,Harvest,['Opeth'],d775fb2a8fe729cf20cac64dddbb8e00,3RPC7hdB3nPcLChdNV8EqB,1,40,61,0,0,0,0,0,0,0
442,Interstellar,['Lazerhawk'],d83461e2a97619e6e93ea3454d7cd453,34eIG7t7f65ssfylDUJ7bL,1,6,0,0,95,0,0,0,0,0
443,No Promises,['Shayne Ward'],d835e942dd9b2791a8e405ac94b06d56,0RwbDO8xyF9vhZFZd9kdel,1,63,0,0,0,38,0,0,0,0
444,CAN'T GET OVER YOU (feat. Clams Casino),"['Joji', 'Clams Casino']",d86310a992b49bb5279ab3b1b763d3e7,7ewESHEg3P3JN66IcWwDho,1,56,45,0,0,0,0,0,0,0
445,Lazerhawk's Theme,['Lazerhawk'],d99f2f77d0ce464252d091d5bfa0529b,1CfOtMXrCagoeewHPK2hdE,3,236,0,0,0,0,0,58,1,8
446,I Feel It Coming,"['The Weeknd', 'Daft Punk']",d9a4613d7e70a17d3979be44f2f9d31f,5GXAXm5YOmYT0kL5jHvYBt,3,179,0,0,0,27,87,0,0,10
447,You're Not Pretty But You Got It Goin' On,['Band Of Skulls'],da736da2e9e799cbcd434a7b14f91a48,58s2KEqBkwAAJzQvwkJQmO,1,46,0,55,0,0,0,0,0,0
448,High Hopes,['Kodaline'],da7f65975f3ea064161be4189810b26b,6KkyuDhrEhR5nJVKtv9mCf,2,92,0,0,0,45,0,65,0,0
449,Clubbed to Death - Kurayamino Variation,['Rob Dougan'],dae44a2df2bb7d9ecc440b21d14c6105,0vSVDF2fHaxL2L9eEmRdAK,1,68,33,0,0,0,0,0,0,0
450,Mayonaka no Door / Stay With Me - Club Mix,['Miki Matsubara'],daf62df0c7b1aa80ddde6075edda6d9a,0MsZ9Les11qQY8NEBA9Pwd,1,46,0,0,0,0,0,55,0,0
451,Whatever It Takes,['Imagine Dragons'],db6e9505c22b83b9c460adcf01ac73ac,6Qn5zhYkTa37e91HC1D7lb,2,50,65,0,0,0,0,87,0,0
452,Lazarus,['Porcupine Tree'],dc8a3a02f2170688a034e2a17fbba48b,1EL8X3XUO27bksrv9cLvXE,2,83,77,0,0,0,42,0,0,0
453,Sabotage,['Beastie Boys'],dce0326074574e96756674b109da779b,0Puj4YlTm6xNzDDADXHMI9,1,64,37,0,0,0,0,0,0,0
454,Kill Myself,['Trevor Something'],dd5ebf0365eaa3b4cc5c729c6f61755b,4OMsnhSDpZycNnmcEdqH8U,3,141,0,0,0,50,29,83,0,0
455,Say Yes,['Elliott Smith'],ddced76ce630d05a4095e9b243801a2b,7zVfEu1dEvRw4EkWoqrBkx,1,36,0,0,0,65,0,0,0,0
456,City Connection,['Street Cleaner'],de3e456b3becd67842be81b464aab8a7,2i2LAd1n717gol49D7GAGR,2,102,14,86,0,0,0,0,0,0
457,Streetwalker,['Nightstop'],df29643d91992b02634b8cea150861b6,17unhA5Gnc1nLFdg3dKmuO,1,34,0,67,0,0,0,0,0,0
458,Aladdin's Story,['Death In Vegas'],df650876fb811a4be27364c28afa0c28,7iJJBAXSeuu9ymCdiPPscE,1,64,0,0,0,0,37,0,0,0
459,Posthumous Forgiveness,['Tame Impala'],e0126ba07a72d50ef34430ca433818d7,1KcOU0q9AMXV9xi4tSzzCc,1,64,0,0,0,0,0,37,0,0
460,Drive-by Stalking,['Nightstop'],e0b59a7b9ab7d8662766e5c23fb13e59,2Vmbg2UweixrXClJeIE1xz,1,35,66,0,0,0,0,0,0,0
461,Eyes of Madness,['Dance With the Dead'],e111b300cacb8ce37812a03e34849346,1qpfndAEGm7YIL6HFuuRCM,1,7,94,0,0,0,0,0,0,0
462,Song About You,['Mike Posner'],e252f272d07fe68f88ac22f1817b6db9,0Knc89pMAsIZbK8tor7i93,1,73,28,0,0,0,0,0,0,0
463,ocean eyes,['Billie Eilish'],e254285b2d94ed080cb5ce6bb7ac5dda,7hDVYcQq6MxkdJGweuCtl9,2,117,0,0,0,13,72,0,0,0
464,Club der Ewigkeiten,['DJ Koze'],e3299202ba3d890488e1f64e91611be5,2ywFTaCXKedBFlYA0XcHJM,2,165,0,0,15,22,0,0,0,0
465,Chalk Tablet Towers (feat. St Vincent),"['Gorillaz', 'St. Vincent']",e4e989dd765caac90b088b6fbdf5d0d7,5zGElc4Fk95ONl7YihpLFN,2,138,0,0,0,0,0,46,18,0
466,California Love - Original Version,"['2Pac', 'Roger', 'Dr. Dre']",e528b8d2089bb0d7d9db23839ae6bb22,1JClFT74TYSXlzpagbmj0S,2,103,0,0,21,78,0,0,0,0
467,Gdzie jest biały węgorz ? (Zejście),['Cypis'],e5935e64d51db5b21fd59f7cae8a4fdc,4fNbS43X6yt4iWxLgRqwKa,1,57,0,0,0,44,0,0,0,0
468,Sexy Boy,['Air'],e6cc1cd47d3ceba4be16a3a37546bc50,7Fx3o9QtK1vtpkEWkM6OJu,1,31,0,0,70,0,0,0,0,0
469,Old and Wise,['The Alan Parsons Project'],e86488cd476a1a528b78698c0ddadc97,5Jt2AQv1c3RUF5ENtAYF1i,1,99,0,0,0,2,0,0,0,0
470,Famous,['Kanye West'],e8ff08a9f4831cc59abc129876582008,19a3JfW8BQwqHWUMbcqSx8,1,19,0,82,0,0,0,0,0,0
471,Beachwalk - Zen Remix,['Whitewoods'],e9841b7c4ffb33bf33854c5b69a4a8af,1JIGIglq7tv6fOZ7lE65Mf,1,38,63,0,0,0,0,0,0,0
472,The Thrill,['NERO'],e9cc987835d711505ca9efe84f1cef6c,4PJUy02uYGaZ4Ux1jDulHZ,2,84,0,24,0,0,94,0,0,0
473,Father Stretch My Hands Pt. 1,['Kanye West'],ea6d04c7783cf7089d06029152d1a4dd,4KW1lqgSr8TKrvBII0Brf8,2,115,0,0,0,0,0,0,51,36
474,A Little Piece of Heaven,['Avenged Sevenfold'],ea8beb29e97afcff636ce16b64d675ba,1BLfQ6dPXmuDrFmbdfW7Jl,1,46,55,0,0,0,0,0,0,0
475,Like a Stone,['Audioslave'],eaaeff95248bfda3a998303a7eb60ae5,2xt2piJx6jlFkjS77YiqpL,1,100,0,0,0,0,0,1,0,0
476,Shock Doctrine (Remix),"['Perturbator', 'Reznyck']",eb21358ad5bc65dad04178ed9a298308,0cmxoPvn546nELxWFIGb3X,2,97,0,51,54,0,0,0,0,0
477,Turbo Killer,['Carpenter Brut'],ecfda4380ec558ecee2766b08a95f921,10qbHF920zH5K8C8IcE5AL,1,20,0,0,81,0,0,0,0,0
478,Vibe,['MELVV'],eda859a595b1c30ea818c1111f9e9e00,3cbgUz3NTglWlY0tuzQiQO,1,47,54,0,0,0,0,0,0,0
479,Good Ones,['Charli xcx'],ee9910129b0306e5808ccd08fc07fa37,6PZpNMstpIiRenGK5UyG5D,1,15,0,0,0,0,86,0,0,0
480,New Dawn Fades,['Moby'],ef4c8c503e6f4b99c6d8c6ccd46fa67e,5Q5i1Nym5L7aOrQPwX0amF,1,80,0,0,0,0,0,0,0,21
481,Swept Away,['Diana Ross'],f10478ee2d9366e2b5e86f1dc2fa7873,6uPA79mjYERxMJiQOS4sgQ,1,47,0,0,0,0,0,0,0,54
482,Don't Cry Out Loud,['Melissa Manchester'],f17d9005e5af50d6a3fbebaa37cadd7d,19UFoFiFCs3rTyHKSbvhZk,1,75,0,0,0,0,26,0,0,0
483,My Love Mine All Mine,['Mitski'],f1d4260720a02716e812b9853094558c,3vkCueOmm7xQDoJ17W1Pm3,1,33,0,0,0,0,0,0,68,0
484,Ocean Drive,['Miami Nights 1984'],f42263081fd337999aa1f85b7fa0ac7b,02gySWUFk5JT4gMguGAhdO,1,1,0,0,0,0,0,0,0,100
485,Inside,['Young Ejecta'],f4d802def035f70c3df04e9a9597b626,1Khn7Ec5AW7sQyPDN9TsvJ,3,138,0,0,0,0,0,17,65,83
486,Waiting for the End,['Linkin Park'],f4dc58bf33172ed41c06bd3dcc9c35ae,1EWDtcKzwZqflFqdiN3fyv,1,18,0,0,0,0,83,0,0,0
487,"Flips and Flops, Drips and Drops",['Electric Mantis'],f4f5a451dd8ccfc8fc4390a2f0b6bf01,06iwhAevuCgupNwTg3wSC3,1,51,50,0,0,0,0,0,0,0
488,Amethyst,['Hudson Mohawke'],f55127e4d31435e85e15ee4b6968a8b1,4OlNfHqvPkh55Ro3RKkNxA,2,132,0,7,63,0,0,0,0,0
489,Nighttime,['re:plus'],f5ff8544253cf45d9226dfc0798ffa07,1nciyyWWBw5dxg5NthszKV,1,8,0,93,0,0,0,0,0,0
490,Fortress Europe,['Asian Dub Foundation'],f5ffde983600812e9d26acacb4b55622,2tjYDHfSohcugNBzIqWlQV,2,141,0,0,0,0,0,0,22,39
491,In The Face Of Evil,['Magic Sword'],f6d4b249d423e9462628562ee1ca1464,2bHpNAMEsB3Wc00y87JTdn,1,65,36,0,0,0,0,0,0,0
492,Feel the Rush Tonight,"['Lazerhawk', 'Gunship']",f83b59f43d2aedbb05a94ef41ed789d1,3DpfHTT95Y1ApiCTdVjVWL,1,32,0,0,0,0,0,0,0,69
493,Too Original,"['Major Lazer', 'Elliphant', 'Jovi Rockwell']",f8604640a9d145148a1edb922f195c6b,3qPYSVJNDn4bwEuxI1nKjx,1,39,0,0,0,0,62,0,0,0
494,Touch (feat. Paul Williams),"['Daft Punk', 'Paul Williams']",f87257e1e5e860f9ca635c49e0096be0,7oaEjLP2dTJLJsITbAxTOz,3,183,24,53,0,0,0,43,0,0
495,Get Got,['Death Grips'],f8a1be4bb325df1ca0cf952a8a98178e,781V2Y5LPtcpgONEOadadE,1,22,0,0,0,79,0,0,0,0
496,forever,['Charli xcx'],f9bbd32e26365c3dd53b96845416ad41,5GsJIVCBFjhCcUwJaTW2sB,3,160,0,0,0,14,35,0,94,0
497,Any Colour You Like,['Pink Floyd'],fa1964bea5cd36bfb113ab2ac212c006,6FBPOJLxUZEair6x4kLDhf,2,146,0,0,38,0,0,18,0,0
498,Aaoge Jab Tum,"['Rashid Khan', 'Sandesh Shandilya', 'Faaiz Anwar']",fb2ac49c4f999759fb5dd9a95e048058,3fWMFwaJil8fD14JCgwbcL,1,20,0,0,0,0,0,0,81,0
499,He^Rt,['Starcadian'],fb6a8d321ef5311ceff2fafbef15719a,0wKO2qrYbK7EXhceYyGhjw,2,103,0,0,43,56,0,0,0,0
500,Use It or Lose It,"['Vitalic', 'Mark Kerr']",fbd6c3eeca6b313e28c1f43aee680083,0zYc90mIed5Uoos3vufMgg,1,45,56,0,0,0,0,0,0,0
501,ELEMENT.,['Kendrick Lamar'],fc06ee34ef48dc189764c48ebbe1156d,1EaKU4dMbesXXd3BrLCtYG,2,62,0,0,0,0,0,0,46,94
502,Close Eyes,['DVRST'],fc47d1dfdb53ccebd515c3ec281a0b6a,3CLSHJv5aUROAN2vfOyCOh,2,168,0,0,0,0,9,25,0,0
503,Everything I Am,"['Kanye West', 'DJ Premier']",fe21364e206766fb0b2fd4a45b0190b9,2T8bL4YC49Ska1yl74qcS0,1,10,0,91,0,0,0,0,0,0
504,I'm with You,['Vance Joy'],fe74eaced186ddaec5dc645b02dc0067,6Qwuw0eOeszVlewLpu24gR,1,43,0,0,0,0,58,0,0,0
505,Angel,"['Massive Attack', 'Horace Andy']",fe845a3f30f1ee519a972c725f87a117,7uv632EkfwYhXoqf8rhYrg,2,158,0,0,0,0,0,16,28,0
506,Me and Michael,['MGMT'],ffe010d00fbb29fd121c436d7d7b4177,0t4z0WaQomQqPONghWn8c2,2,174,0,0,9,19,0,0,0,0
